-- root-types-contained: SystemModel_c,PackageableElement_c,DataType_c,CoreDataType_c,UserDataType_c
-- BP 7.1 content: StreamData syschar: 3 persistence-version: 7.1.6

INSERT INTO S_SYS
	VALUES ("d923df31-2d4f-4454-ba3a-3347665a758b",
	'gnc',
	1);
INSERT INTO EP_PKG
	VALUES ("a0463fe9-1f1f-47dc-b337-d8cf17433a29",
	"d923df31-2d4f-4454-ba3a-3347665a758b",
	"d923df31-2d4f-4454-ba3a-3347665a758b",
	'External Entities',
	'',
	0);
INSERT INTO PE_PE
	VALUES ("2fd70a9f-eaa7-4d40-a481-ff861310433e",
	1,
	"a0463fe9-1f1f-47dc-b337-d8cf17433a29",
	"00000000-0000-0000-0000-000000000000",
	5);
INSERT INTO S_EE
	VALUES ("2fd70a9f-eaa7-4d40-a481-ff861310433e",
	'Time',
	'The Time external entity provides date, timestamp, and timer related operations.',
	'TIM',
	"00000000-0000-0000-0000-000000000000",
	'',
	'Time',
	1);
INSERT INTO S_BRG
	VALUES ("7cedef90-3ff6-47cb-865f-f2a4d5cdfb21",
	"2fd70a9f-eaa7-4d40-a481-ff861310433e",
	'current_date',
	'',
	1,
	"ba5eda7a-def5-0000-0000-00000000000e",
	'',
	1,
	'',
	0);
INSERT INTO ACT_BRB
	VALUES ("8ff1a199-bbe0-4582-9f38-fe9b76b1fa08",
	"7cedef90-3ff6-47cb-865f-f2a4d5cdfb21");
INSERT INTO ACT_ACT
	VALUES ("8ff1a199-bbe0-4582-9f38-fe9b76b1fa08",
	'bridge',
	0,
	"31ea2950-aec5-4957-905b-4c2f61a6f2af",
	"00000000-0000-0000-0000-000000000000",
	0,
	'Time::current_date',
	"00000000-0000-0000-0000-000000000000");
INSERT INTO ACT_BLK
	VALUES ("31ea2950-aec5-4957-905b-4c2f61a6f2af",
	0,
	0,
	0,
	'',
	'',
	'',
	0,
	0,
	0,
	0,
	0,
	0,
	0,
	0,
	0,
	0,
	0,
	0,
	0,
	"8ff1a199-bbe0-4582-9f38-fe9b76b1fa08",
	"00000000-0000-0000-0000-000000000000");
INSERT INTO S_BRG
	VALUES ("885835ed-0d41-44d5-a1b5-7e8007ff883a",
	"2fd70a9f-eaa7-4d40-a481-ff861310433e",
	'create_date',
	'',
	1,
	"ba5eda7a-def5-0000-0000-00000000000e",
	'',
	1,
	'',
	0);
INSERT INTO S_BPARM
	VALUES ("e26eddec-36ab-4e36-b856-1eaa69692c14",
	"885835ed-0d41-44d5-a1b5-7e8007ff883a",
	'second',
	"ba5eda7a-def5-0000-0000-000000000002",
	0,
	'',
	"8c2f8836-521b-4f47-ba97-f9c8309b52f4",
	'');
INSERT INTO S_BPARM
	VALUES ("2ed26ccd-e8f8-4e38-aac7-f825b913f96f",
	"885835ed-0d41-44d5-a1b5-7e8007ff883a",
	'minute',
	"ba5eda7a-def5-0000-0000-000000000002",
	0,
	'',
	"75124bf0-c1ce-4dca-bc91-21ac16396b72",
	'');
INSERT INTO S_BPARM
	VALUES ("75124bf0-c1ce-4dca-bc91-21ac16396b72",
	"885835ed-0d41-44d5-a1b5-7e8007ff883a",
	'hour',
	"ba5eda7a-def5-0000-0000-000000000002",
	0,
	'',
	"95196946-0edf-4e69-b2ad-4b20d5c78fda",
	'');
INSERT INTO S_BPARM
	VALUES ("95196946-0edf-4e69-b2ad-4b20d5c78fda",
	"885835ed-0d41-44d5-a1b5-7e8007ff883a",
	'day',
	"ba5eda7a-def5-0000-0000-000000000002",
	0,
	'',
	"00000000-0000-0000-0000-000000000000",
	'');
INSERT INTO S_BPARM
	VALUES ("8c2f8836-521b-4f47-ba97-f9c8309b52f4",
	"885835ed-0d41-44d5-a1b5-7e8007ff883a",
	'month',
	"ba5eda7a-def5-0000-0000-000000000002",
	0,
	'',
	"2ed26ccd-e8f8-4e38-aac7-f825b913f96f",
	'');
INSERT INTO S_BPARM
	VALUES ("e0545463-2cc1-4caf-b6f4-baff465c1370",
	"885835ed-0d41-44d5-a1b5-7e8007ff883a",
	'year',
	"ba5eda7a-def5-0000-0000-000000000002",
	0,
	'',
	"e26eddec-36ab-4e36-b856-1eaa69692c14",
	'');
INSERT INTO ACT_BRB
	VALUES ("55d64109-de88-4d60-b9d9-704462cb233f",
	"885835ed-0d41-44d5-a1b5-7e8007ff883a");
INSERT INTO ACT_ACT
	VALUES ("55d64109-de88-4d60-b9d9-704462cb233f",
	'bridge',
	0,
	"d6049e44-5b30-4479-879d-a69561096138",
	"00000000-0000-0000-0000-000000000000",
	0,
	'Time::create_date',
	"00000000-0000-0000-0000-000000000000");
INSERT INTO ACT_BLK
	VALUES ("d6049e44-5b30-4479-879d-a69561096138",
	0,
	0,
	0,
	'',
	'',
	'',
	0,
	0,
	0,
	0,
	0,
	0,
	0,
	0,
	0,
	0,
	0,
	0,
	0,
	"55d64109-de88-4d60-b9d9-704462cb233f",
	"00000000-0000-0000-0000-000000000000");
INSERT INTO S_BRG
	VALUES ("0de4654f-76f7-44f5-ad32-307f6f132e9e",
	"2fd70a9f-eaa7-4d40-a481-ff861310433e",
	'get_second',
	'',
	1,
	"ba5eda7a-def5-0000-0000-000000000002",
	'',
	1,
	'',
	0);
INSERT INTO S_BPARM
	VALUES ("4e33a7dd-1a67-4b85-8dbc-2b8c12bacc71",
	"0de4654f-76f7-44f5-ad32-307f6f132e9e",
	'date',
	"ba5eda7a-def5-0000-0000-00000000000e",
	0,
	'',
	"00000000-0000-0000-0000-000000000000",
	'');
INSERT INTO ACT_BRB
	VALUES ("ba47b869-1585-4ab6-92e7-8de1ae2114dd",
	"0de4654f-76f7-44f5-ad32-307f6f132e9e");
INSERT INTO ACT_ACT
	VALUES ("ba47b869-1585-4ab6-92e7-8de1ae2114dd",
	'bridge',
	0,
	"5ec0113a-599d-408b-a3b1-d74108b14f25",
	"00000000-0000-0000-0000-000000000000",
	0,
	'Time::get_second',
	"00000000-0000-0000-0000-000000000000");
INSERT INTO ACT_BLK
	VALUES ("5ec0113a-599d-408b-a3b1-d74108b14f25",
	0,
	0,
	0,
	'',
	'',
	'',
	0,
	0,
	0,
	0,
	0,
	0,
	0,
	0,
	0,
	0,
	0,
	0,
	0,
	"ba47b869-1585-4ab6-92e7-8de1ae2114dd",
	"00000000-0000-0000-0000-000000000000");
INSERT INTO S_BRG
	VALUES ("506ec051-e809-4ad3-838c-dbcce43a116c",
	"2fd70a9f-eaa7-4d40-a481-ff861310433e",
	'get_minute',
	'',
	1,
	"ba5eda7a-def5-0000-0000-000000000002",
	'',
	1,
	'',
	0);
INSERT INTO S_BPARM
	VALUES ("095f3f5c-db7f-4e4a-9bda-63ac8efeeab6",
	"506ec051-e809-4ad3-838c-dbcce43a116c",
	'date',
	"ba5eda7a-def5-0000-0000-00000000000e",
	0,
	'',
	"00000000-0000-0000-0000-000000000000",
	'');
INSERT INTO ACT_BRB
	VALUES ("18666d2a-6d6d-4618-a8bb-8fcd7f35b860",
	"506ec051-e809-4ad3-838c-dbcce43a116c");
INSERT INTO ACT_ACT
	VALUES ("18666d2a-6d6d-4618-a8bb-8fcd7f35b860",
	'bridge',
	0,
	"ad2a1b3d-cce9-4de5-adab-4d872e358a96",
	"00000000-0000-0000-0000-000000000000",
	0,
	'Time::get_minute',
	"00000000-0000-0000-0000-000000000000");
INSERT INTO ACT_BLK
	VALUES ("ad2a1b3d-cce9-4de5-adab-4d872e358a96",
	0,
	0,
	0,
	'',
	'',
	'',
	0,
	0,
	0,
	0,
	0,
	0,
	0,
	0,
	0,
	0,
	0,
	0,
	0,
	"18666d2a-6d6d-4618-a8bb-8fcd7f35b860",
	"00000000-0000-0000-0000-000000000000");
INSERT INTO S_BRG
	VALUES ("d91d2b03-9a66-47ef-9dac-87b57f9266a8",
	"2fd70a9f-eaa7-4d40-a481-ff861310433e",
	'get_hour',
	'',
	1,
	"ba5eda7a-def5-0000-0000-000000000002",
	'',
	1,
	'',
	0);
INSERT INTO S_BPARM
	VALUES ("eeeb6b29-233f-4034-92c3-3480f65cfd43",
	"d91d2b03-9a66-47ef-9dac-87b57f9266a8",
	'date',
	"ba5eda7a-def5-0000-0000-00000000000e",
	0,
	'',
	"00000000-0000-0000-0000-000000000000",
	'');
INSERT INTO ACT_BRB
	VALUES ("4f6fd1ae-3303-4032-a35d-0769bf4a081c",
	"d91d2b03-9a66-47ef-9dac-87b57f9266a8");
INSERT INTO ACT_ACT
	VALUES ("4f6fd1ae-3303-4032-a35d-0769bf4a081c",
	'bridge',
	0,
	"79a0c2ad-a98e-4da5-a0fb-b2cf9dd30761",
	"00000000-0000-0000-0000-000000000000",
	0,
	'Time::get_hour',
	"00000000-0000-0000-0000-000000000000");
INSERT INTO ACT_BLK
	VALUES ("79a0c2ad-a98e-4da5-a0fb-b2cf9dd30761",
	0,
	0,
	0,
	'',
	'',
	'',
	0,
	0,
	0,
	0,
	0,
	0,
	0,
	0,
	0,
	0,
	0,
	0,
	0,
	"4f6fd1ae-3303-4032-a35d-0769bf4a081c",
	"00000000-0000-0000-0000-000000000000");
INSERT INTO S_BRG
	VALUES ("05736629-401d-4624-8114-cfffe7db2ff0",
	"2fd70a9f-eaa7-4d40-a481-ff861310433e",
	'get_day',
	'',
	1,
	"ba5eda7a-def5-0000-0000-000000000002",
	'',
	1,
	'',
	0);
INSERT INTO S_BPARM
	VALUES ("136fa754-90f9-476a-84af-8c0f0f4c6c2a",
	"05736629-401d-4624-8114-cfffe7db2ff0",
	'date',
	"ba5eda7a-def5-0000-0000-00000000000e",
	0,
	'',
	"00000000-0000-0000-0000-000000000000",
	'');
INSERT INTO ACT_BRB
	VALUES ("8e70866d-afee-4375-9548-1ddec79728c5",
	"05736629-401d-4624-8114-cfffe7db2ff0");
INSERT INTO ACT_ACT
	VALUES ("8e70866d-afee-4375-9548-1ddec79728c5",
	'bridge',
	0,
	"3c9b4a8b-8738-4866-8e40-d9fd963e96e1",
	"00000000-0000-0000-0000-000000000000",
	0,
	'Time::get_day',
	"00000000-0000-0000-0000-000000000000");
INSERT INTO ACT_BLK
	VALUES ("3c9b4a8b-8738-4866-8e40-d9fd963e96e1",
	0,
	0,
	0,
	'',
	'',
	'',
	0,
	0,
	0,
	0,
	0,
	0,
	0,
	0,
	0,
	0,
	0,
	0,
	0,
	"8e70866d-afee-4375-9548-1ddec79728c5",
	"00000000-0000-0000-0000-000000000000");
INSERT INTO S_BRG
	VALUES ("23a621c8-1743-46d0-9f13-3f7faa7dec6a",
	"2fd70a9f-eaa7-4d40-a481-ff861310433e",
	'get_month',
	'',
	1,
	"ba5eda7a-def5-0000-0000-000000000002",
	'',
	1,
	'',
	0);
INSERT INTO S_BPARM
	VALUES ("5754c5a5-c178-4367-8077-e0151b686a96",
	"23a621c8-1743-46d0-9f13-3f7faa7dec6a",
	'date',
	"ba5eda7a-def5-0000-0000-00000000000e",
	0,
	'',
	"00000000-0000-0000-0000-000000000000",
	'');
INSERT INTO ACT_BRB
	VALUES ("deb6d80b-1583-44a8-9031-9f10feb6de01",
	"23a621c8-1743-46d0-9f13-3f7faa7dec6a");
INSERT INTO ACT_ACT
	VALUES ("deb6d80b-1583-44a8-9031-9f10feb6de01",
	'bridge',
	0,
	"e7b1f436-27b5-4d98-bcd0-88dda64f691e",
	"00000000-0000-0000-0000-000000000000",
	0,
	'Time::get_month',
	"00000000-0000-0000-0000-000000000000");
INSERT INTO ACT_BLK
	VALUES ("e7b1f436-27b5-4d98-bcd0-88dda64f691e",
	0,
	0,
	0,
	'',
	'',
	'',
	0,
	0,
	0,
	0,
	0,
	0,
	0,
	0,
	0,
	0,
	0,
	0,
	0,
	"deb6d80b-1583-44a8-9031-9f10feb6de01",
	"00000000-0000-0000-0000-000000000000");
INSERT INTO S_BRG
	VALUES ("22dd5f8d-8ec0-480b-aa7c-c2b3c5155230",
	"2fd70a9f-eaa7-4d40-a481-ff861310433e",
	'get_year',
	'',
	1,
	"ba5eda7a-def5-0000-0000-000000000002",
	'',
	1,
	'',
	0);
INSERT INTO S_BPARM
	VALUES ("b068413b-fb88-4844-9237-7b9648f4a69e",
	"22dd5f8d-8ec0-480b-aa7c-c2b3c5155230",
	'date',
	"ba5eda7a-def5-0000-0000-00000000000e",
	0,
	'',
	"00000000-0000-0000-0000-000000000000",
	'');
INSERT INTO ACT_BRB
	VALUES ("6b83f0b8-198c-484d-8e6a-5b9ec310ab5e",
	"22dd5f8d-8ec0-480b-aa7c-c2b3c5155230");
INSERT INTO ACT_ACT
	VALUES ("6b83f0b8-198c-484d-8e6a-5b9ec310ab5e",
	'bridge',
	0,
	"c89ecc24-338b-429c-8252-8fd6ff274c7a",
	"00000000-0000-0000-0000-000000000000",
	0,
	'Time::get_year',
	"00000000-0000-0000-0000-000000000000");
INSERT INTO ACT_BLK
	VALUES ("c89ecc24-338b-429c-8252-8fd6ff274c7a",
	0,
	0,
	0,
	'',
	'',
	'',
	0,
	0,
	0,
	0,
	0,
	0,
	0,
	0,
	0,
	0,
	0,
	0,
	0,
	"6b83f0b8-198c-484d-8e6a-5b9ec310ab5e",
	"00000000-0000-0000-0000-000000000000");
INSERT INTO S_BRG
	VALUES ("eccc3978-a3d3-4735-8b47-3973a041f799",
	"2fd70a9f-eaa7-4d40-a481-ff861310433e",
	'current_clock',
	'',
	1,
	"ba5eda7a-def5-0000-0000-000000000010",
	'',
	1,
	'',
	0);
INSERT INTO ACT_BRB
	VALUES ("2cd42d0f-730a-4369-91fd-338934590adf",
	"eccc3978-a3d3-4735-8b47-3973a041f799");
INSERT INTO ACT_ACT
	VALUES ("2cd42d0f-730a-4369-91fd-338934590adf",
	'bridge',
	0,
	"716514c3-9236-4f6c-8772-03590ec0ea8d",
	"00000000-0000-0000-0000-000000000000",
	0,
	'Time::current_clock',
	"00000000-0000-0000-0000-000000000000");
INSERT INTO ACT_BLK
	VALUES ("716514c3-9236-4f6c-8772-03590ec0ea8d",
	0,
	0,
	0,
	'',
	'',
	'',
	0,
	0,
	0,
	0,
	0,
	0,
	0,
	0,
	0,
	0,
	0,
	0,
	0,
	"2cd42d0f-730a-4369-91fd-338934590adf",
	"00000000-0000-0000-0000-000000000000");
INSERT INTO S_BRG
	VALUES ("012516b5-2372-4c49-bcac-48cf3499122a",
	"2fd70a9f-eaa7-4d40-a481-ff861310433e",
	'timer_start',
	'This bridge operation starts a timer set to expire in the specified number of
microseconds, generating the passed event upon expiration. Returns the instance
handle of the timer.',
	1,
	"ba5eda7a-def5-0000-0000-00000000000f",
	'',
	1,
	'',
	0);
INSERT INTO S_BPARM
	VALUES ("fec87e8d-6d3c-4d19-9c2b-b629eefd2276",
	"012516b5-2372-4c49-bcac-48cf3499122a",
	'microseconds',
	"ba5eda7a-def5-0000-0000-000000000002",
	0,
	'',
	"47ecb3cc-fc05-47d4-afc1-693328b6c942",
	'');
INSERT INTO S_BPARM
	VALUES ("47ecb3cc-fc05-47d4-afc1-693328b6c942",
	"012516b5-2372-4c49-bcac-48cf3499122a",
	'event_inst',
	"ba5eda7a-def5-0000-0000-00000000000a",
	0,
	'',
	"00000000-0000-0000-0000-000000000000",
	'');
INSERT INTO ACT_BRB
	VALUES ("a5169835-fdc6-4ea8-92d3-68569ed362c3",
	"012516b5-2372-4c49-bcac-48cf3499122a");
INSERT INTO ACT_ACT
	VALUES ("a5169835-fdc6-4ea8-92d3-68569ed362c3",
	'bridge',
	0,
	"7219e1f1-28b3-493f-acd7-ad7c11146d12",
	"00000000-0000-0000-0000-000000000000",
	0,
	'Time::timer_start',
	"00000000-0000-0000-0000-000000000000");
INSERT INTO ACT_BLK
	VALUES ("7219e1f1-28b3-493f-acd7-ad7c11146d12",
	0,
	0,
	0,
	'',
	'',
	'',
	0,
	0,
	0,
	0,
	0,
	0,
	0,
	0,
	0,
	0,
	0,
	0,
	0,
	"a5169835-fdc6-4ea8-92d3-68569ed362c3",
	"00000000-0000-0000-0000-000000000000");
INSERT INTO S_BRG
	VALUES ("49b9f9b5-3671-4cad-8867-684dfc6f2ff7",
	"2fd70a9f-eaa7-4d40-a481-ff861310433e",
	'timer_start_recurring',
	'This bridge operation starts a timer set to expire in the specified number of
microseconds, generating the passed event upon expiration. Upon expiration, the
timer will be restarted and fire again in the specified number of microseconds
generating the passed event. This bridge operation returns the instance handle
of the timer.',
	1,
	"ba5eda7a-def5-0000-0000-00000000000f",
	'',
	1,
	'',
	0);
INSERT INTO S_BPARM
	VALUES ("0006b186-f90c-446a-9b32-fbeb81f82b83",
	"49b9f9b5-3671-4cad-8867-684dfc6f2ff7",
	'microseconds',
	"ba5eda7a-def5-0000-0000-000000000002",
	0,
	'',
	"11f05ffe-227e-4e23-a720-4313facbac55",
	'');
INSERT INTO S_BPARM
	VALUES ("11f05ffe-227e-4e23-a720-4313facbac55",
	"49b9f9b5-3671-4cad-8867-684dfc6f2ff7",
	'event_inst',
	"ba5eda7a-def5-0000-0000-00000000000a",
	0,
	'',
	"00000000-0000-0000-0000-000000000000",
	'');
INSERT INTO ACT_BRB
	VALUES ("80a9546a-cc8b-43dd-b377-a3ce250732d7",
	"49b9f9b5-3671-4cad-8867-684dfc6f2ff7");
INSERT INTO ACT_ACT
	VALUES ("80a9546a-cc8b-43dd-b377-a3ce250732d7",
	'bridge',
	0,
	"9b96cc24-b356-42e7-9215-cb3363c40cec",
	"00000000-0000-0000-0000-000000000000",
	0,
	'Time::timer_start_recurring',
	"00000000-0000-0000-0000-000000000000");
INSERT INTO ACT_BLK
	VALUES ("9b96cc24-b356-42e7-9215-cb3363c40cec",
	0,
	0,
	0,
	'',
	'',
	'',
	0,
	0,
	0,
	0,
	0,
	0,
	0,
	0,
	0,
	0,
	0,
	0,
	0,
	"80a9546a-cc8b-43dd-b377-a3ce250732d7",
	"00000000-0000-0000-0000-000000000000");
INSERT INTO S_BRG
	VALUES ("b2c8f339-b0a5-4e8a-b153-0267d79f5781",
	"2fd70a9f-eaa7-4d40-a481-ff861310433e",
	'timer_remaining_time',
	'Returns the time remaining (in microseconds) for the passed timer instance. If
the timer has expired, a zero value is returned.',
	1,
	"ba5eda7a-def5-0000-0000-000000000002",
	'',
	1,
	'',
	0);
INSERT INTO S_BPARM
	VALUES ("9666bafd-8990-4372-9988-4618b7b9be38",
	"b2c8f339-b0a5-4e8a-b153-0267d79f5781",
	'timer_inst_ref',
	"ba5eda7a-def5-0000-0000-00000000000f",
	0,
	'',
	"00000000-0000-0000-0000-000000000000",
	'');
INSERT INTO ACT_BRB
	VALUES ("fe982c9c-9d6b-42d5-917e-62c0e1c0620b",
	"b2c8f339-b0a5-4e8a-b153-0267d79f5781");
INSERT INTO ACT_ACT
	VALUES ("fe982c9c-9d6b-42d5-917e-62c0e1c0620b",
	'bridge',
	0,
	"60d99082-0da2-4e56-9122-743a8c794b8f",
	"00000000-0000-0000-0000-000000000000",
	0,
	'Time::timer_remaining_time',
	"00000000-0000-0000-0000-000000000000");
INSERT INTO ACT_BLK
	VALUES ("60d99082-0da2-4e56-9122-743a8c794b8f",
	0,
	0,
	0,
	'',
	'',
	'',
	0,
	0,
	0,
	0,
	0,
	0,
	0,
	0,
	0,
	0,
	0,
	0,
	0,
	"fe982c9c-9d6b-42d5-917e-62c0e1c0620b",
	"00000000-0000-0000-0000-000000000000");
INSERT INTO S_BRG
	VALUES ("ca97dd11-5044-44e3-8f4e-1b2a3b6f76d4",
	"2fd70a9f-eaa7-4d40-a481-ff861310433e",
	'timer_reset_time',
	'This bridge operation attempts to set the passed existing timer to expire in
the specified number of microseconds. If the timer exists (that is, it has not
expired), a TRUE value is returned. If the timer no longer exists, a FALSE value
is returned.',
	1,
	"ba5eda7a-def5-0000-0000-000000000001",
	'',
	1,
	'',
	0);
INSERT INTO S_BPARM
	VALUES ("b06bfb31-6f55-427e-9334-14b888ff1d20",
	"ca97dd11-5044-44e3-8f4e-1b2a3b6f76d4",
	'timer_inst_ref',
	"ba5eda7a-def5-0000-0000-00000000000f",
	0,
	'',
	"24f4f888-57da-472b-9a64-d4bc284b78aa",
	'');
INSERT INTO S_BPARM
	VALUES ("24f4f888-57da-472b-9a64-d4bc284b78aa",
	"ca97dd11-5044-44e3-8f4e-1b2a3b6f76d4",
	'microseconds',
	"ba5eda7a-def5-0000-0000-000000000002",
	0,
	'',
	"00000000-0000-0000-0000-000000000000",
	'');
INSERT INTO ACT_BRB
	VALUES ("3dd455bc-3f7d-4030-85fe-455ff6ff1fd5",
	"ca97dd11-5044-44e3-8f4e-1b2a3b6f76d4");
INSERT INTO ACT_ACT
	VALUES ("3dd455bc-3f7d-4030-85fe-455ff6ff1fd5",
	'bridge',
	0,
	"59db2099-8ee8-4f2b-983d-71a46587b995",
	"00000000-0000-0000-0000-000000000000",
	0,
	'Time::timer_reset_time',
	"00000000-0000-0000-0000-000000000000");
INSERT INTO ACT_BLK
	VALUES ("59db2099-8ee8-4f2b-983d-71a46587b995",
	0,
	0,
	0,
	'',
	'',
	'',
	0,
	0,
	0,
	0,
	0,
	0,
	0,
	0,
	0,
	0,
	0,
	0,
	0,
	"3dd455bc-3f7d-4030-85fe-455ff6ff1fd5",
	"00000000-0000-0000-0000-000000000000");
INSERT INTO S_BRG
	VALUES ("f0cb027c-a974-4074-a8d5-c2c83b70c67a",
	"2fd70a9f-eaa7-4d40-a481-ff861310433e",
	'timer_add_time',
	'This bridge operation attempts to add the specified number of microseconds to a
passed existing timer. If the timer exists (that is, it has not expired), a TRUE
value is returned. If the timer no longer exists, a FALSE value is returned.',
	1,
	"ba5eda7a-def5-0000-0000-000000000001",
	'',
	1,
	'',
	0);
INSERT INTO S_BPARM
	VALUES ("11329069-afb1-43bf-a9a3-0c9755931c05",
	"f0cb027c-a974-4074-a8d5-c2c83b70c67a",
	'timer_inst_ref',
	"ba5eda7a-def5-0000-0000-00000000000f",
	0,
	'',
	"005c5ae9-3661-4f79-a4e3-b6ae086be86b",
	'');
INSERT INTO S_BPARM
	VALUES ("005c5ae9-3661-4f79-a4e3-b6ae086be86b",
	"f0cb027c-a974-4074-a8d5-c2c83b70c67a",
	'microseconds',
	"ba5eda7a-def5-0000-0000-000000000002",
	0,
	'',
	"00000000-0000-0000-0000-000000000000",
	'');
INSERT INTO ACT_BRB
	VALUES ("e6c1c31a-8f86-461b-95db-2f31d268d7fa",
	"f0cb027c-a974-4074-a8d5-c2c83b70c67a");
INSERT INTO ACT_ACT
	VALUES ("e6c1c31a-8f86-461b-95db-2f31d268d7fa",
	'bridge',
	0,
	"e4507b9d-27da-4b93-9079-7647117122e4",
	"00000000-0000-0000-0000-000000000000",
	0,
	'Time::timer_add_time',
	"00000000-0000-0000-0000-000000000000");
INSERT INTO ACT_BLK
	VALUES ("e4507b9d-27da-4b93-9079-7647117122e4",
	0,
	0,
	0,
	'',
	'',
	'',
	0,
	0,
	0,
	0,
	0,
	0,
	0,
	0,
	0,
	0,
	0,
	0,
	0,
	"e6c1c31a-8f86-461b-95db-2f31d268d7fa",
	"00000000-0000-0000-0000-000000000000");
INSERT INTO S_BRG
	VALUES ("d749e717-9081-4287-9128-876514c2a5c9",
	"2fd70a9f-eaa7-4d40-a481-ff861310433e",
	'timer_cancel',
	'This bridge operation cancels and deletes the passed timer instance. If the 
timer exists (that is, it had not expired), a TRUE value is returned. If the
timer no longer exists, a FALSE value is returned.',
	1,
	"ba5eda7a-def5-0000-0000-000000000001",
	'',
	1,
	'',
	0);
INSERT INTO S_BPARM
	VALUES ("5a8c78a4-7963-42d8-8e92-bcbecc0c513e",
	"d749e717-9081-4287-9128-876514c2a5c9",
	'timer_inst_ref',
	"ba5eda7a-def5-0000-0000-00000000000f",
	0,
	'',
	"00000000-0000-0000-0000-000000000000",
	'');
INSERT INTO ACT_BRB
	VALUES ("5c2f521a-e8e8-46e2-87d5-b2142cbef303",
	"d749e717-9081-4287-9128-876514c2a5c9");
INSERT INTO ACT_ACT
	VALUES ("5c2f521a-e8e8-46e2-87d5-b2142cbef303",
	'bridge',
	0,
	"9d7ecb5a-43a4-49b2-b6da-84a7439451db",
	"00000000-0000-0000-0000-000000000000",
	0,
	'Time::timer_cancel',
	"00000000-0000-0000-0000-000000000000");
INSERT INTO ACT_BLK
	VALUES ("9d7ecb5a-43a4-49b2-b6da-84a7439451db",
	0,
	0,
	0,
	'',
	'',
	'',
	0,
	0,
	0,
	0,
	0,
	0,
	0,
	0,
	0,
	0,
	0,
	0,
	0,
	"5c2f521a-e8e8-46e2-87d5-b2142cbef303",
	"00000000-0000-0000-0000-000000000000");
INSERT INTO PE_PE
	VALUES ("f0d72ff6-19c9-44dc-88e1-94d22801ccee",
	1,
	"a0463fe9-1f1f-47dc-b337-d8cf17433a29",
	"00000000-0000-0000-0000-000000000000",
	5);
INSERT INTO S_EE
	VALUES ("f0d72ff6-19c9-44dc-88e1-94d22801ccee",
	'Architecture',
	'',
	'ARCH',
	"00000000-0000-0000-0000-000000000000",
	'',
	'Architecture',
	1);
INSERT INTO S_BRG
	VALUES ("01612056-7900-41ae-ad03-f233e1da0a84",
	"f0d72ff6-19c9-44dc-88e1-94d22801ccee",
	'shutdown',
	'',
	0,
	"ba5eda7a-def5-0000-0000-000000000000",
	'control stop;',
	1,
	'',
	0);
INSERT INTO ACT_BRB
	VALUES ("005696c3-4871-4a75-b9a9-35f3d27da5a3",
	"01612056-7900-41ae-ad03-f233e1da0a84");
INSERT INTO ACT_ACT
	VALUES ("005696c3-4871-4a75-b9a9-35f3d27da5a3",
	'bridge',
	0,
	"70ebaff3-88ea-4d40-9625-fe0f4dec7f3b",
	"00000000-0000-0000-0000-000000000000",
	0,
	'Architecture::shutdown',
	"00000000-0000-0000-0000-000000000000");
INSERT INTO ACT_BLK
	VALUES ("70ebaff3-88ea-4d40-9625-fe0f4dec7f3b",
	0,
	0,
	0,
	'',
	'',
	'',
	1,
	1,
	0,
	0,
	0,
	0,
	0,
	0,
	0,
	0,
	0,
	0,
	0,
	"005696c3-4871-4a75-b9a9-35f3d27da5a3",
	"00000000-0000-0000-0000-000000000000");
INSERT INTO ACT_SMT
	VALUES ("e95deabb-4921-4f9c-bbd4-bc26f3980274",
	"70ebaff3-88ea-4d40-9625-fe0f4dec7f3b",
	"00000000-0000-0000-0000-000000000000",
	1,
	1,
	'Architecture::shutdown line: 1');
INSERT INTO ACT_CTL
	VALUES ("e95deabb-4921-4f9c-bbd4-bc26f3980274");
INSERT INTO PE_PE
	VALUES ("36aedb1b-4cbf-4535-9bcb-f7b134d7e174",
	1,
	"a0463fe9-1f1f-47dc-b337-d8cf17433a29",
	"00000000-0000-0000-0000-000000000000",
	5);
INSERT INTO S_EE
	VALUES ("36aedb1b-4cbf-4535-9bcb-f7b134d7e174",
	'Logging',
	'',
	'LOG',
	"00000000-0000-0000-0000-000000000000",
	'',
	'Logging',
	1);
INSERT INTO S_BRG
	VALUES ("b65db544-13fe-459b-9436-379c46f3f884",
	"36aedb1b-4cbf-4535-9bcb-f7b134d7e174",
	'LogSuccess',
	'',
	0,
	"ba5eda7a-def5-0000-0000-000000000000",
	'',
	1,
	'',
	0);
INSERT INTO S_BPARM
	VALUES ("1b690e45-945a-4138-aaf9-971ac7b80bdb",
	"b65db544-13fe-459b-9436-379c46f3f884",
	'message',
	"ba5eda7a-def5-0000-0000-000000000004",
	0,
	'',
	"00000000-0000-0000-0000-000000000000",
	'');
INSERT INTO ACT_BRB
	VALUES ("e84cf3a2-8fe8-45a0-ac0b-d50793fffb60",
	"b65db544-13fe-459b-9436-379c46f3f884");
INSERT INTO ACT_ACT
	VALUES ("e84cf3a2-8fe8-45a0-ac0b-d50793fffb60",
	'bridge',
	0,
	"76b51b70-8a92-42c0-863d-1fbf145d0631",
	"00000000-0000-0000-0000-000000000000",
	0,
	'Logging::LogSuccess',
	"00000000-0000-0000-0000-000000000000");
INSERT INTO ACT_BLK
	VALUES ("76b51b70-8a92-42c0-863d-1fbf145d0631",
	0,
	0,
	0,
	'',
	'',
	'',
	0,
	0,
	0,
	0,
	0,
	0,
	0,
	0,
	0,
	0,
	0,
	0,
	0,
	"e84cf3a2-8fe8-45a0-ac0b-d50793fffb60",
	"00000000-0000-0000-0000-000000000000");
INSERT INTO S_BRG
	VALUES ("26845840-b5bb-49bf-8a74-624a2a16e1cb",
	"36aedb1b-4cbf-4535-9bcb-f7b134d7e174",
	'LogFailure',
	'',
	0,
	"ba5eda7a-def5-0000-0000-000000000000",
	'',
	1,
	'',
	0);
INSERT INTO S_BPARM
	VALUES ("447876ec-a5c7-4c70-992a-e5777aacf5cd",
	"26845840-b5bb-49bf-8a74-624a2a16e1cb",
	'message',
	"ba5eda7a-def5-0000-0000-000000000004",
	0,
	'',
	"00000000-0000-0000-0000-000000000000",
	'');
INSERT INTO ACT_BRB
	VALUES ("04aa04ae-1fe9-4255-81f4-f021c18475af",
	"26845840-b5bb-49bf-8a74-624a2a16e1cb");
INSERT INTO ACT_ACT
	VALUES ("04aa04ae-1fe9-4255-81f4-f021c18475af",
	'bridge',
	0,
	"a463f6e9-d110-44dc-aebc-1f825bfd21fb",
	"00000000-0000-0000-0000-000000000000",
	0,
	'Logging::LogFailure',
	"00000000-0000-0000-0000-000000000000");
INSERT INTO ACT_BLK
	VALUES ("a463f6e9-d110-44dc-aebc-1f825bfd21fb",
	0,
	0,
	0,
	'',
	'',
	'',
	0,
	0,
	0,
	0,
	0,
	0,
	0,
	0,
	0,
	0,
	0,
	0,
	0,
	"04aa04ae-1fe9-4255-81f4-f021c18475af",
	"00000000-0000-0000-0000-000000000000");
INSERT INTO S_BRG
	VALUES ("c4857b04-079f-4db0-947c-e1895ef20ea4",
	"36aedb1b-4cbf-4535-9bcb-f7b134d7e174",
	'LogInfo',
	'',
	0,
	"ba5eda7a-def5-0000-0000-000000000000",
	'',
	1,
	'',
	0);
INSERT INTO S_BPARM
	VALUES ("92cfb361-9539-48da-928e-44aceb487d80",
	"c4857b04-079f-4db0-947c-e1895ef20ea4",
	'message',
	"ba5eda7a-def5-0000-0000-000000000004",
	0,
	'',
	"00000000-0000-0000-0000-000000000000",
	'');
INSERT INTO ACT_BRB
	VALUES ("84e363b5-605e-4dd1-a3ff-dc9c0ba6860c",
	"c4857b04-079f-4db0-947c-e1895ef20ea4");
INSERT INTO ACT_ACT
	VALUES ("84e363b5-605e-4dd1-a3ff-dc9c0ba6860c",
	'bridge',
	0,
	"d968aab3-8d19-4104-bc51-ef3186b1d876",
	"00000000-0000-0000-0000-000000000000",
	0,
	'Logging::LogInfo',
	"00000000-0000-0000-0000-000000000000");
INSERT INTO ACT_BLK
	VALUES ("d968aab3-8d19-4104-bc51-ef3186b1d876",
	0,
	0,
	0,
	'',
	'',
	'',
	0,
	0,
	0,
	0,
	0,
	0,
	0,
	0,
	0,
	0,
	0,
	0,
	0,
	"84e363b5-605e-4dd1-a3ff-dc9c0ba6860c",
	"00000000-0000-0000-0000-000000000000");
INSERT INTO S_BRG
	VALUES ("6ed19ffe-b20e-4e1b-9dd0-93ce8b47d42b",
	"36aedb1b-4cbf-4535-9bcb-f7b134d7e174",
	'LogDate',
	'',
	0,
	"ba5eda7a-def5-0000-0000-000000000000",
	'',
	1,
	'',
	0);
INSERT INTO S_BPARM
	VALUES ("fb65973c-ceb7-450f-8981-a8ce6822e2de",
	"6ed19ffe-b20e-4e1b-9dd0-93ce8b47d42b",
	'd',
	"ba5eda7a-def5-0000-0000-00000000000e",
	0,
	'',
	"00000000-0000-0000-0000-000000000000",
	'');
INSERT INTO S_BPARM
	VALUES ("da6ae748-69cb-4fd9-9355-f3beb44f4ce1",
	"6ed19ffe-b20e-4e1b-9dd0-93ce8b47d42b",
	'message',
	"ba5eda7a-def5-0000-0000-000000000004",
	0,
	'',
	"fb65973c-ceb7-450f-8981-a8ce6822e2de",
	'');
INSERT INTO ACT_BRB
	VALUES ("296c6b4d-3c91-4cea-869f-96d1c32f1065",
	"6ed19ffe-b20e-4e1b-9dd0-93ce8b47d42b");
INSERT INTO ACT_ACT
	VALUES ("296c6b4d-3c91-4cea-869f-96d1c32f1065",
	'bridge',
	0,
	"cf6b4cf2-83bc-4a5f-a8e8-06f2a504f431",
	"00000000-0000-0000-0000-000000000000",
	0,
	'Logging::LogDate',
	"00000000-0000-0000-0000-000000000000");
INSERT INTO ACT_BLK
	VALUES ("cf6b4cf2-83bc-4a5f-a8e8-06f2a504f431",
	0,
	0,
	0,
	'',
	'',
	'',
	0,
	0,
	0,
	0,
	0,
	0,
	0,
	0,
	0,
	0,
	0,
	0,
	0,
	"296c6b4d-3c91-4cea-869f-96d1c32f1065",
	"00000000-0000-0000-0000-000000000000");
INSERT INTO S_BRG
	VALUES ("b332a79e-f2af-4c5d-847d-d39ccb1153c7",
	"36aedb1b-4cbf-4535-9bcb-f7b134d7e174",
	'LogTime',
	'',
	0,
	"ba5eda7a-def5-0000-0000-000000000000",
	'',
	1,
	'',
	0);
INSERT INTO S_BPARM
	VALUES ("fc4ab462-604f-439c-a0a2-3276f17853a0",
	"b332a79e-f2af-4c5d-847d-d39ccb1153c7",
	't',
	"ba5eda7a-def5-0000-0000-000000000010",
	0,
	'',
	"9fe61b3c-a2ce-41ea-b42e-a05fe4c6b91b",
	'');
INSERT INTO S_BPARM
	VALUES ("9fe61b3c-a2ce-41ea-b42e-a05fe4c6b91b",
	"b332a79e-f2af-4c5d-847d-d39ccb1153c7",
	'message',
	"ba5eda7a-def5-0000-0000-000000000004",
	0,
	'',
	"00000000-0000-0000-0000-000000000000",
	'');
INSERT INTO ACT_BRB
	VALUES ("e8b46722-b6ac-4d76-8d3b-f67d53509d96",
	"b332a79e-f2af-4c5d-847d-d39ccb1153c7");
INSERT INTO ACT_ACT
	VALUES ("e8b46722-b6ac-4d76-8d3b-f67d53509d96",
	'bridge',
	0,
	"79c60e28-3e31-435e-b5f7-48ab0d65dad7",
	"00000000-0000-0000-0000-000000000000",
	0,
	'Logging::LogTime',
	"00000000-0000-0000-0000-000000000000");
INSERT INTO ACT_BLK
	VALUES ("79c60e28-3e31-435e-b5f7-48ab0d65dad7",
	0,
	0,
	0,
	'',
	'',
	'',
	0,
	0,
	0,
	0,
	0,
	0,
	0,
	0,
	0,
	0,
	0,
	0,
	0,
	"e8b46722-b6ac-4d76-8d3b-f67d53509d96",
	"00000000-0000-0000-0000-000000000000");
INSERT INTO S_BRG
	VALUES ("4d8d47cc-720d-46e5-ae28-e54cd975a427",
	"36aedb1b-4cbf-4535-9bcb-f7b134d7e174",
	'LogReal',
	'',
	0,
	"ba5eda7a-def5-0000-0000-000000000000",
	'',
	1,
	'',
	0);
INSERT INTO S_BPARM
	VALUES ("d31c8f8b-38b0-4ada-8945-5ba88d4fc6f5",
	"4d8d47cc-720d-46e5-ae28-e54cd975a427",
	'r',
	"ba5eda7a-def5-0000-0000-000000000003",
	0,
	'',
	"060aba76-3308-4400-aa11-0843cf3c8b7a",
	'');
INSERT INTO S_BPARM
	VALUES ("060aba76-3308-4400-aa11-0843cf3c8b7a",
	"4d8d47cc-720d-46e5-ae28-e54cd975a427",
	'message',
	"ba5eda7a-def5-0000-0000-000000000004",
	0,
	'',
	"00000000-0000-0000-0000-000000000000",
	'');
INSERT INTO ACT_BRB
	VALUES ("664baaf1-7137-4a66-9fab-452d6e8230d4",
	"4d8d47cc-720d-46e5-ae28-e54cd975a427");
INSERT INTO ACT_ACT
	VALUES ("664baaf1-7137-4a66-9fab-452d6e8230d4",
	'bridge',
	0,
	"a6c7e916-8853-4f78-895c-0406b7e4ddd1",
	"00000000-0000-0000-0000-000000000000",
	0,
	'Logging::LogReal',
	"00000000-0000-0000-0000-000000000000");
INSERT INTO ACT_BLK
	VALUES ("a6c7e916-8853-4f78-895c-0406b7e4ddd1",
	0,
	0,
	0,
	'',
	'',
	'',
	0,
	0,
	0,
	0,
	0,
	0,
	0,
	0,
	0,
	0,
	0,
	0,
	0,
	"664baaf1-7137-4a66-9fab-452d6e8230d4",
	"00000000-0000-0000-0000-000000000000");
INSERT INTO S_BRG
	VALUES ("b7d2a809-9794-4b40-87e1-b7c0686375e0",
	"36aedb1b-4cbf-4535-9bcb-f7b134d7e174",
	'LogInteger',
	'',
	0,
	"ba5eda7a-def5-0000-0000-000000000000",
	'',
	1,
	'',
	0);
INSERT INTO S_BPARM
	VALUES ("5b5bf126-0e25-42a2-bb8e-0aa375d5b213",
	"b7d2a809-9794-4b40-87e1-b7c0686375e0",
	'message',
	"ba5eda7a-def5-0000-0000-000000000002",
	0,
	'',
	"00000000-0000-0000-0000-000000000000",
	'');
INSERT INTO ACT_BRB
	VALUES ("4f004d20-d6a6-44f1-8548-e19b43806533",
	"b7d2a809-9794-4b40-87e1-b7c0686375e0");
INSERT INTO ACT_ACT
	VALUES ("4f004d20-d6a6-44f1-8548-e19b43806533",
	'bridge',
	0,
	"642c5f46-9b29-48d2-bdc2-d8f32a22c600",
	"00000000-0000-0000-0000-000000000000",
	0,
	'Logging::LogInteger',
	"00000000-0000-0000-0000-000000000000");
INSERT INTO ACT_BLK
	VALUES ("642c5f46-9b29-48d2-bdc2-d8f32a22c600",
	0,
	0,
	0,
	'',
	'',
	'',
	0,
	0,
	0,
	0,
	0,
	0,
	0,
	0,
	0,
	0,
	0,
	0,
	0,
	"4f004d20-d6a6-44f1-8548-e19b43806533",
	"00000000-0000-0000-0000-000000000000");
INSERT INTO EP_PKG
	VALUES ("0924fcd2-185c-4c76-b1c2-5ce790f1ba0a",
	"d923df31-2d4f-4454-ba3a-3347665a758b",
	"d923df31-2d4f-4454-ba3a-3347665a758b",
	'Interfaces',
	'',
	0);
INSERT INTO PE_PE
	VALUES ("78776ad7-dffd-4126-8217-a913ac6e4bc8",
	1,
	"0924fcd2-185c-4c76-b1c2-5ce790f1ba0a",
	"00000000-0000-0000-0000-000000000000",
	6);
INSERT INTO C_I
	VALUES ("78776ad7-dffd-4126-8217-a913ac6e4bc8",
	"00000000-0000-0000-0000-000000000000",
	'mavcontrol',
	'');
INSERT INTO C_EP
	VALUES ("b00324c5-e272-4a60-96b2-1a40dbbdea3e",
	"78776ad7-dffd-4126-8217-a913ac6e4bc8",
	-1,
	'init',
	'');
INSERT INTO C_IO
	VALUES ("b00324c5-e272-4a60-96b2-1a40dbbdea3e",
	"ba5eda7a-def5-0000-0000-000000000000",
	'init',
	'',
	0,
	'',
	"00000000-0000-0000-0000-000000000000");
INSERT INTO C_EP
	VALUES ("7642e709-1eb0-4ab6-86f5-a945e4e95c17",
	"78776ad7-dffd-4126-8217-a913ac6e4bc8",
	-1,
	'takeoff',
	'');
INSERT INTO C_IO
	VALUES ("7642e709-1eb0-4ab6-86f5-a945e4e95c17",
	"ba5eda7a-def5-0000-0000-000000000000",
	'takeoff',
	'',
	0,
	'',
	"b00324c5-e272-4a60-96b2-1a40dbbdea3e");
INSERT INTO C_PP
	VALUES ("82188d43-e348-4d1f-89d7-47f817a84ae6",
	"7642e709-1eb0-4ab6-86f5-a945e4e95c17",
	"ba5eda7a-def5-0000-0000-000000000003",
	'alt',
	'',
	0,
	'',
	"00000000-0000-0000-0000-000000000000");
INSERT INTO C_EP
	VALUES ("37d0542f-1ab7-4216-b4a8-2c23dffc0456",
	"78776ad7-dffd-4126-8217-a913ac6e4bc8",
	-1,
	'land',
	'');
INSERT INTO C_IO
	VALUES ("37d0542f-1ab7-4216-b4a8-2c23dffc0456",
	"ba5eda7a-def5-0000-0000-000000000000",
	'land',
	'',
	0,
	'',
	"7642e709-1eb0-4ab6-86f5-a945e4e95c17");
INSERT INTO C_EP
	VALUES ("c53d4966-9097-4e62-8e45-bb3b7522378a",
	"78776ad7-dffd-4126-8217-a913ac6e4bc8",
	-1,
	'arm',
	'');
INSERT INTO C_IO
	VALUES ("c53d4966-9097-4e62-8e45-bb3b7522378a",
	"ba5eda7a-def5-0000-0000-000000000000",
	'arm',
	'',
	0,
	'',
	"37d0542f-1ab7-4216-b4a8-2c23dffc0456");
INSERT INTO C_EP
	VALUES ("248f2941-48bf-4a2e-99ad-74a5d3b2f279",
	"78776ad7-dffd-4126-8217-a913ac6e4bc8",
	-1,
	'set_destination',
	'');
INSERT INTO C_IO
	VALUES ("248f2941-48bf-4a2e-99ad-74a5d3b2f279",
	"ba5eda7a-def5-0000-0000-000000000000",
	'set_destination',
	'',
	0,
	'',
	"c53d4966-9097-4e62-8e45-bb3b7522378a");
INSERT INTO C_PP
	VALUES ("7f707e01-0f0a-48c7-afd8-8245ae5ea78d",
	"248f2941-48bf-4a2e-99ad-74a5d3b2f279",
	"ba5eda7a-def5-0000-0000-000000000003",
	'x',
	'',
	0,
	'',
	"00000000-0000-0000-0000-000000000000");
INSERT INTO C_PP
	VALUES ("a91a89dc-0d33-4ff1-9a4a-2367638a7031",
	"248f2941-48bf-4a2e-99ad-74a5d3b2f279",
	"ba5eda7a-def5-0000-0000-000000000003",
	'y',
	'',
	0,
	'',
	"7f707e01-0f0a-48c7-afd8-8245ae5ea78d");
INSERT INTO C_PP
	VALUES ("a760ebd0-ab62-475c-b0ee-4c8528096f1d",
	"248f2941-48bf-4a2e-99ad-74a5d3b2f279",
	"ba5eda7a-def5-0000-0000-000000000003",
	'z',
	'',
	0,
	'',
	"a91a89dc-0d33-4ff1-9a4a-2367638a7031");
INSERT INTO C_EP
	VALUES ("c4c94ad5-cb8c-4b6d-94fd-23aafcb1bc52",
	"78776ad7-dffd-4126-8217-a913ac6e4bc8",
	-1,
	'set_heading',
	'');
INSERT INTO C_IO
	VALUES ("c4c94ad5-cb8c-4b6d-94fd-23aafcb1bc52",
	"ba5eda7a-def5-0000-0000-000000000000",
	'set_heading',
	'',
	0,
	'',
	"248f2941-48bf-4a2e-99ad-74a5d3b2f279");
INSERT INTO C_PP
	VALUES ("d4a22d73-9f5f-4533-8c78-eab99944cb1f",
	"c4c94ad5-cb8c-4b6d-94fd-23aafcb1bc52",
	"ba5eda7a-def5-0000-0000-000000000003",
	'heading',
	'',
	0,
	'',
	"00000000-0000-0000-0000-000000000000");
INSERT INTO C_EP
	VALUES ("7576d5e0-2683-4a42-967a-ddb25a458620",
	"78776ad7-dffd-4126-8217-a913ac6e4bc8",
	-1,
	'get_heading',
	'');
INSERT INTO C_IO
	VALUES ("7576d5e0-2683-4a42-967a-ddb25a458620",
	"ba5eda7a-def5-0000-0000-000000000003",
	'get_heading',
	'',
	0,
	'',
	"c4c94ad5-cb8c-4b6d-94fd-23aafcb1bc52");
INSERT INTO C_EP
	VALUES ("e2e61698-b9dc-4911-95c7-79872095f0dd",
	"78776ad7-dffd-4126-8217-a913ac6e4bc8",
	-1,
	'ready',
	'');
INSERT INTO C_IO
	VALUES ("e2e61698-b9dc-4911-95c7-79872095f0dd",
	"ba5eda7a-def5-0000-0000-000000000000",
	'ready',
	'',
	1,
	'',
	"7576d5e0-2683-4a42-967a-ddb25a458620");
INSERT INTO EP_PKG
	VALUES ("d6c08bc7-df25-4898-bea8-769bd5ae2334",
	"d923df31-2d4f-4454-ba3a-3347665a758b",
	"d923df31-2d4f-4454-ba3a-3347665a758b",
	'Library',
	'',
	0);
INSERT INTO PE_PE
	VALUES ("8564596e-96e2-44e8-b970-aaa1a7d3b8bc",
	1,
	"d6c08bc7-df25-4898-bea8-769bd5ae2334",
	"00000000-0000-0000-0000-000000000000",
	2);
INSERT INTO C_C
	VALUES ("8564596e-96e2-44e8-b970-aaa1a7d3b8bc",
	"00000000-0000-0000-0000-000000000000",
	"00000000-0000-0000-0000-000000000000",
	'MAV',
	'',
	0,
	"00000000-0000-0000-0000-000000000000",
	0,
	'');
INSERT INTO C_PO
	VALUES ("9df3483a-ab97-4ee7-8415-9b4b161408e2",
	"8564596e-96e2-44e8-b970-aaa1a7d3b8bc",
	'Port1',
	0,
	0);
INSERT INTO C_IR
	VALUES ("93221829-0135-489c-961a-9d42c4252036",
	"78776ad7-dffd-4126-8217-a913ac6e4bc8",
	"00000000-0000-0000-0000-000000000000",
	"9df3483a-ab97-4ee7-8415-9b4b161408e2");
INSERT INTO C_P
	VALUES ("93221829-0135-489c-961a-9d42c4252036",
	'mavcontrol',
	'Unnamed Interface',
	'',
	'MAV::Port1::mavcontrol');
INSERT INTO SPR_PEP
	VALUES ("2cdfb96e-bbce-4f74-8ed5-32bfa6461a0a",
	"b00324c5-e272-4a60-96b2-1a40dbbdea3e",
	"93221829-0135-489c-961a-9d42c4252036");
INSERT INTO SPR_PO
	VALUES ("2cdfb96e-bbce-4f74-8ed5-32bfa6461a0a",
	'init',
	'',
	'',
	1,
	0);
INSERT INTO ACT_POB
	VALUES ("c60fd696-36eb-4ba2-b405-8390bc3e9b5a",
	"2cdfb96e-bbce-4f74-8ed5-32bfa6461a0a");
INSERT INTO ACT_ACT
	VALUES ("c60fd696-36eb-4ba2-b405-8390bc3e9b5a",
	'interface operation',
	0,
	"e950136a-48ad-426b-b66b-60ac2911b13d",
	"00000000-0000-0000-0000-000000000000",
	0,
	'Port1::mavcontrol::init',
	"00000000-0000-0000-0000-000000000000");
INSERT INTO ACT_BLK
	VALUES ("e950136a-48ad-426b-b66b-60ac2911b13d",
	0,
	0,
	0,
	'',
	'',
	'',
	0,
	0,
	0,
	0,
	0,
	0,
	0,
	0,
	0,
	0,
	0,
	0,
	0,
	"c60fd696-36eb-4ba2-b405-8390bc3e9b5a",
	"00000000-0000-0000-0000-000000000000");
INSERT INTO SPR_PEP
	VALUES ("17b9223c-4fbe-4528-9d24-88e8c6b169cb",
	"7642e709-1eb0-4ab6-86f5-a945e4e95c17",
	"93221829-0135-489c-961a-9d42c4252036");
INSERT INTO SPR_PO
	VALUES ("17b9223c-4fbe-4528-9d24-88e8c6b169cb",
	'takeoff',
	'',
	'',
	1,
	0);
INSERT INTO ACT_POB
	VALUES ("1546a578-d136-41bc-92f5-77576bc04535",
	"17b9223c-4fbe-4528-9d24-88e8c6b169cb");
INSERT INTO ACT_ACT
	VALUES ("1546a578-d136-41bc-92f5-77576bc04535",
	'interface operation',
	0,
	"e9c0fdc8-780b-4de3-9e18-a17dd7164dc7",
	"00000000-0000-0000-0000-000000000000",
	0,
	'Port1::mavcontrol::takeoff',
	"00000000-0000-0000-0000-000000000000");
INSERT INTO ACT_BLK
	VALUES ("e9c0fdc8-780b-4de3-9e18-a17dd7164dc7",
	0,
	0,
	0,
	'',
	'',
	'',
	0,
	0,
	0,
	0,
	0,
	0,
	0,
	0,
	0,
	0,
	0,
	0,
	0,
	"1546a578-d136-41bc-92f5-77576bc04535",
	"00000000-0000-0000-0000-000000000000");
INSERT INTO SPR_PEP
	VALUES ("843b9758-6f7e-434f-80e7-cbe244ffbe3f",
	"37d0542f-1ab7-4216-b4a8-2c23dffc0456",
	"93221829-0135-489c-961a-9d42c4252036");
INSERT INTO SPR_PO
	VALUES ("843b9758-6f7e-434f-80e7-cbe244ffbe3f",
	'land',
	'',
	'',
	1,
	0);
INSERT INTO ACT_POB
	VALUES ("05ae2d64-4e18-4f40-859c-d4975b8ec430",
	"843b9758-6f7e-434f-80e7-cbe244ffbe3f");
INSERT INTO ACT_ACT
	VALUES ("05ae2d64-4e18-4f40-859c-d4975b8ec430",
	'interface operation',
	0,
	"263908b6-bd89-4100-88db-aa0d28ec09db",
	"00000000-0000-0000-0000-000000000000",
	0,
	'Port1::mavcontrol::land',
	"00000000-0000-0000-0000-000000000000");
INSERT INTO ACT_BLK
	VALUES ("263908b6-bd89-4100-88db-aa0d28ec09db",
	0,
	0,
	0,
	'',
	'',
	'',
	0,
	0,
	0,
	0,
	0,
	0,
	0,
	0,
	0,
	0,
	0,
	0,
	0,
	"05ae2d64-4e18-4f40-859c-d4975b8ec430",
	"00000000-0000-0000-0000-000000000000");
INSERT INTO SPR_PEP
	VALUES ("5485bf8e-c85a-4150-857c-8bb2aec093d7",
	"c53d4966-9097-4e62-8e45-bb3b7522378a",
	"93221829-0135-489c-961a-9d42c4252036");
INSERT INTO SPR_PO
	VALUES ("5485bf8e-c85a-4150-857c-8bb2aec093d7",
	'arm',
	'',
	'',
	1,
	0);
INSERT INTO ACT_POB
	VALUES ("f3eb576a-3183-445f-8e4f-25c32d05d222",
	"5485bf8e-c85a-4150-857c-8bb2aec093d7");
INSERT INTO ACT_ACT
	VALUES ("f3eb576a-3183-445f-8e4f-25c32d05d222",
	'interface operation',
	0,
	"31be991b-6e0c-4ff3-b510-e8dc7a2c7479",
	"00000000-0000-0000-0000-000000000000",
	0,
	'Port1::mavcontrol::arm',
	"00000000-0000-0000-0000-000000000000");
INSERT INTO ACT_BLK
	VALUES ("31be991b-6e0c-4ff3-b510-e8dc7a2c7479",
	0,
	0,
	0,
	'',
	'',
	'',
	0,
	0,
	0,
	0,
	0,
	0,
	0,
	0,
	0,
	0,
	0,
	0,
	0,
	"f3eb576a-3183-445f-8e4f-25c32d05d222",
	"00000000-0000-0000-0000-000000000000");
INSERT INTO SPR_PEP
	VALUES ("9594ac6d-f38c-4123-b2f9-00a11f9f948b",
	"248f2941-48bf-4a2e-99ad-74a5d3b2f279",
	"93221829-0135-489c-961a-9d42c4252036");
INSERT INTO SPR_PO
	VALUES ("9594ac6d-f38c-4123-b2f9-00a11f9f948b",
	'set_destination',
	'',
	'',
	1,
	0);
INSERT INTO ACT_POB
	VALUES ("97d58e78-fd44-4b6f-966a-f6fbfe723489",
	"9594ac6d-f38c-4123-b2f9-00a11f9f948b");
INSERT INTO ACT_ACT
	VALUES ("97d58e78-fd44-4b6f-966a-f6fbfe723489",
	'interface operation',
	0,
	"89c4d64a-7647-4727-a85a-31159fed0d0c",
	"00000000-0000-0000-0000-000000000000",
	0,
	'Port1::mavcontrol::set_destination',
	"00000000-0000-0000-0000-000000000000");
INSERT INTO ACT_BLK
	VALUES ("89c4d64a-7647-4727-a85a-31159fed0d0c",
	0,
	0,
	0,
	'',
	'',
	'',
	0,
	0,
	0,
	0,
	0,
	0,
	0,
	0,
	0,
	0,
	0,
	0,
	0,
	"97d58e78-fd44-4b6f-966a-f6fbfe723489",
	"00000000-0000-0000-0000-000000000000");
INSERT INTO SPR_PEP
	VALUES ("0754e734-d3da-4fa8-bff4-fad81e3b5d4b",
	"c4c94ad5-cb8c-4b6d-94fd-23aafcb1bc52",
	"93221829-0135-489c-961a-9d42c4252036");
INSERT INTO SPR_PO
	VALUES ("0754e734-d3da-4fa8-bff4-fad81e3b5d4b",
	'set_heading',
	'',
	'',
	1,
	0);
INSERT INTO ACT_POB
	VALUES ("f2a1da04-d107-4e56-b935-26a3943fb2c9",
	"0754e734-d3da-4fa8-bff4-fad81e3b5d4b");
INSERT INTO ACT_ACT
	VALUES ("f2a1da04-d107-4e56-b935-26a3943fb2c9",
	'interface operation',
	0,
	"9d3f63c4-0656-4c8f-ad6d-b48b7d1f0f03",
	"00000000-0000-0000-0000-000000000000",
	0,
	'Port1::mavcontrol::set_heading',
	"00000000-0000-0000-0000-000000000000");
INSERT INTO ACT_BLK
	VALUES ("9d3f63c4-0656-4c8f-ad6d-b48b7d1f0f03",
	0,
	0,
	0,
	'',
	'',
	'',
	0,
	0,
	0,
	0,
	0,
	0,
	0,
	0,
	0,
	0,
	0,
	0,
	0,
	"f2a1da04-d107-4e56-b935-26a3943fb2c9",
	"00000000-0000-0000-0000-000000000000");
INSERT INTO SPR_PEP
	VALUES ("5c3a02de-f488-46e9-8f8d-6c65ac369468",
	"7576d5e0-2683-4a42-967a-ddb25a458620",
	"93221829-0135-489c-961a-9d42c4252036");
INSERT INTO SPR_PO
	VALUES ("5c3a02de-f488-46e9-8f8d-6c65ac369468",
	'get_heading',
	'',
	'',
	1,
	0);
INSERT INTO ACT_POB
	VALUES ("eb38e42a-8f14-4b23-9701-8f724c2c4899",
	"5c3a02de-f488-46e9-8f8d-6c65ac369468");
INSERT INTO ACT_ACT
	VALUES ("eb38e42a-8f14-4b23-9701-8f724c2c4899",
	'interface operation',
	0,
	"e920e9f4-0c14-4a50-8bf7-f04a112059f0",
	"00000000-0000-0000-0000-000000000000",
	0,
	'Port1::mavcontrol::get_heading',
	"00000000-0000-0000-0000-000000000000");
INSERT INTO ACT_BLK
	VALUES ("e920e9f4-0c14-4a50-8bf7-f04a112059f0",
	0,
	0,
	0,
	'',
	'',
	'',
	0,
	0,
	0,
	0,
	0,
	0,
	0,
	0,
	0,
	0,
	0,
	0,
	0,
	"eb38e42a-8f14-4b23-9701-8f724c2c4899",
	"00000000-0000-0000-0000-000000000000");
INSERT INTO SPR_PEP
	VALUES ("c5523a0f-b436-48b9-a89f-15e0267e2379",
	"e2e61698-b9dc-4911-95c7-79872095f0dd",
	"93221829-0135-489c-961a-9d42c4252036");
INSERT INTO SPR_PO
	VALUES ("c5523a0f-b436-48b9-a89f-15e0267e2379",
	'ready',
	'',
	'',
	1,
	0);
INSERT INTO ACT_POB
	VALUES ("91d7929d-5ea3-4d55-9cb9-f8233d78e0f9",
	"c5523a0f-b436-48b9-a89f-15e0267e2379");
INSERT INTO ACT_ACT
	VALUES ("91d7929d-5ea3-4d55-9cb9-f8233d78e0f9",
	'interface operation',
	0,
	"01e30a7f-7bdc-470c-a36e-97d7285726fa",
	"00000000-0000-0000-0000-000000000000",
	0,
	'Port1::mavcontrol::ready',
	"00000000-0000-0000-0000-000000000000");
INSERT INTO ACT_BLK
	VALUES ("01e30a7f-7bdc-470c-a36e-97d7285726fa",
	0,
	0,
	0,
	'',
	'',
	'',
	0,
	0,
	0,
	0,
	0,
	0,
	0,
	0,
	0,
	0,
	0,
	0,
	0,
	"91d7929d-5ea3-4d55-9cb9-f8233d78e0f9",
	"00000000-0000-0000-0000-000000000000");
INSERT INTO PE_PE
	VALUES ("0d80503a-3f90-42a8-a2a9-2f52ccd4308f",
	1,
	"d6c08bc7-df25-4898-bea8-769bd5ae2334",
	"00000000-0000-0000-0000-000000000000",
	2);
INSERT INTO C_C
	VALUES ("0d80503a-3f90-42a8-a2a9-2f52ccd4308f",
	"00000000-0000-0000-0000-000000000000",
	"00000000-0000-0000-0000-000000000000",
	'Control',
	'',
	0,
	"00000000-0000-0000-0000-000000000000",
	0,
	'');
INSERT INTO C_PO
	VALUES ("bada52a0-1256-430d-8579-634b9c323fea",
	"0d80503a-3f90-42a8-a2a9-2f52ccd4308f",
	'Port1',
	0,
	0);
INSERT INTO C_IR
	VALUES ("33610dbc-6887-421d-81c6-740629675b3d",
	"78776ad7-dffd-4126-8217-a913ac6e4bc8",
	"00000000-0000-0000-0000-000000000000",
	"bada52a0-1256-430d-8579-634b9c323fea");
INSERT INTO C_R
	VALUES ("33610dbc-6887-421d-81c6-740629675b3d",
	'mavcontrol',
	'',
	'Unnamed Interface',
	'Control::Port1::mavcontrol');
INSERT INTO SPR_REP
	VALUES ("e84f3860-934a-4425-83e4-2c5983065d6e",
	"b00324c5-e272-4a60-96b2-1a40dbbdea3e",
	"33610dbc-6887-421d-81c6-740629675b3d");
INSERT INTO SPR_RO
	VALUES ("e84f3860-934a-4425-83e4-2c5983065d6e",
	'init',
	'',
	'',
	1,
	0);
INSERT INTO ACT_ROB
	VALUES ("2d4524b0-7d37-4f42-94c9-45dbf051abde",
	"e84f3860-934a-4425-83e4-2c5983065d6e");
INSERT INTO ACT_ACT
	VALUES ("2d4524b0-7d37-4f42-94c9-45dbf051abde",
	'interface operation',
	0,
	"a7b6dce6-3c38-4c9e-8a7e-ece1a17057f0",
	"00000000-0000-0000-0000-000000000000",
	0,
	'Port1::mavcontrol::init',
	"00000000-0000-0000-0000-000000000000");
INSERT INTO ACT_BLK
	VALUES ("a7b6dce6-3c38-4c9e-8a7e-ece1a17057f0",
	0,
	0,
	0,
	'',
	'',
	'',
	0,
	0,
	0,
	0,
	0,
	0,
	0,
	0,
	0,
	0,
	0,
	0,
	0,
	"2d4524b0-7d37-4f42-94c9-45dbf051abde",
	"00000000-0000-0000-0000-000000000000");
INSERT INTO SPR_REP
	VALUES ("786f401b-dc06-4f89-95d6-805158b17282",
	"7642e709-1eb0-4ab6-86f5-a945e4e95c17",
	"33610dbc-6887-421d-81c6-740629675b3d");
INSERT INTO SPR_RO
	VALUES ("786f401b-dc06-4f89-95d6-805158b17282",
	'takeoff',
	'',
	'',
	1,
	0);
INSERT INTO ACT_ROB
	VALUES ("6933458d-4647-4ee8-93a7-e5a738f535a7",
	"786f401b-dc06-4f89-95d6-805158b17282");
INSERT INTO ACT_ACT
	VALUES ("6933458d-4647-4ee8-93a7-e5a738f535a7",
	'interface operation',
	0,
	"dc0eba38-f115-4e59-b049-5d3a506869f5",
	"00000000-0000-0000-0000-000000000000",
	0,
	'Port1::mavcontrol::takeoff',
	"00000000-0000-0000-0000-000000000000");
INSERT INTO ACT_BLK
	VALUES ("dc0eba38-f115-4e59-b049-5d3a506869f5",
	0,
	0,
	0,
	'',
	'',
	'',
	0,
	0,
	0,
	0,
	0,
	0,
	0,
	0,
	0,
	0,
	0,
	0,
	0,
	"6933458d-4647-4ee8-93a7-e5a738f535a7",
	"00000000-0000-0000-0000-000000000000");
INSERT INTO SPR_REP
	VALUES ("ea4468fa-4b20-4012-8e54-d298c549ee90",
	"37d0542f-1ab7-4216-b4a8-2c23dffc0456",
	"33610dbc-6887-421d-81c6-740629675b3d");
INSERT INTO SPR_RO
	VALUES ("ea4468fa-4b20-4012-8e54-d298c549ee90",
	'land',
	'',
	'',
	1,
	0);
INSERT INTO ACT_ROB
	VALUES ("1e00ea7c-52fa-4929-bffa-3b773a6b715b",
	"ea4468fa-4b20-4012-8e54-d298c549ee90");
INSERT INTO ACT_ACT
	VALUES ("1e00ea7c-52fa-4929-bffa-3b773a6b715b",
	'interface operation',
	0,
	"56443f87-1da7-4813-a44a-47cf128f17ec",
	"00000000-0000-0000-0000-000000000000",
	0,
	'Port1::mavcontrol::land',
	"00000000-0000-0000-0000-000000000000");
INSERT INTO ACT_BLK
	VALUES ("56443f87-1da7-4813-a44a-47cf128f17ec",
	0,
	0,
	0,
	'',
	'',
	'',
	0,
	0,
	0,
	0,
	0,
	0,
	0,
	0,
	0,
	0,
	0,
	0,
	0,
	"1e00ea7c-52fa-4929-bffa-3b773a6b715b",
	"00000000-0000-0000-0000-000000000000");
INSERT INTO SPR_REP
	VALUES ("94117eda-9f0d-4f5e-af02-0148334dd3a9",
	"c53d4966-9097-4e62-8e45-bb3b7522378a",
	"33610dbc-6887-421d-81c6-740629675b3d");
INSERT INTO SPR_RO
	VALUES ("94117eda-9f0d-4f5e-af02-0148334dd3a9",
	'arm',
	'',
	'',
	1,
	0);
INSERT INTO ACT_ROB
	VALUES ("37b74139-de50-45ac-a2ab-0ca9b193dc4a",
	"94117eda-9f0d-4f5e-af02-0148334dd3a9");
INSERT INTO ACT_ACT
	VALUES ("37b74139-de50-45ac-a2ab-0ca9b193dc4a",
	'interface operation',
	0,
	"0b07f9b2-5e3a-49f1-a000-1a64c964fd36",
	"00000000-0000-0000-0000-000000000000",
	0,
	'Port1::mavcontrol::arm',
	"00000000-0000-0000-0000-000000000000");
INSERT INTO ACT_BLK
	VALUES ("0b07f9b2-5e3a-49f1-a000-1a64c964fd36",
	0,
	0,
	0,
	'',
	'',
	'',
	0,
	0,
	0,
	0,
	0,
	0,
	0,
	0,
	0,
	0,
	0,
	0,
	0,
	"37b74139-de50-45ac-a2ab-0ca9b193dc4a",
	"00000000-0000-0000-0000-000000000000");
INSERT INTO SPR_REP
	VALUES ("0b7b0648-980a-4657-9783-453131e6af11",
	"248f2941-48bf-4a2e-99ad-74a5d3b2f279",
	"33610dbc-6887-421d-81c6-740629675b3d");
INSERT INTO SPR_RO
	VALUES ("0b7b0648-980a-4657-9783-453131e6af11",
	'set_destination',
	'',
	'',
	1,
	0);
INSERT INTO ACT_ROB
	VALUES ("9b87f50d-e896-48c2-add5-6e7daefed934",
	"0b7b0648-980a-4657-9783-453131e6af11");
INSERT INTO ACT_ACT
	VALUES ("9b87f50d-e896-48c2-add5-6e7daefed934",
	'interface operation',
	0,
	"8576ce7c-6817-4cc2-88fc-8f98887e34b8",
	"00000000-0000-0000-0000-000000000000",
	0,
	'Port1::mavcontrol::set_destination',
	"00000000-0000-0000-0000-000000000000");
INSERT INTO ACT_BLK
	VALUES ("8576ce7c-6817-4cc2-88fc-8f98887e34b8",
	0,
	0,
	0,
	'',
	'',
	'',
	0,
	0,
	0,
	0,
	0,
	0,
	0,
	0,
	0,
	0,
	0,
	0,
	0,
	"9b87f50d-e896-48c2-add5-6e7daefed934",
	"00000000-0000-0000-0000-000000000000");
INSERT INTO SPR_REP
	VALUES ("55afac66-d149-4d24-9466-0c4a6f48dcf5",
	"c4c94ad5-cb8c-4b6d-94fd-23aafcb1bc52",
	"33610dbc-6887-421d-81c6-740629675b3d");
INSERT INTO SPR_RO
	VALUES ("55afac66-d149-4d24-9466-0c4a6f48dcf5",
	'set_heading',
	'',
	'',
	1,
	0);
INSERT INTO ACT_ROB
	VALUES ("c21ee80b-7b9d-468e-81e4-790472c8b3f8",
	"55afac66-d149-4d24-9466-0c4a6f48dcf5");
INSERT INTO ACT_ACT
	VALUES ("c21ee80b-7b9d-468e-81e4-790472c8b3f8",
	'interface operation',
	0,
	"d3b57be8-318b-4157-9196-baf1499b8fa2",
	"00000000-0000-0000-0000-000000000000",
	0,
	'Port1::mavcontrol::set_heading',
	"00000000-0000-0000-0000-000000000000");
INSERT INTO ACT_BLK
	VALUES ("d3b57be8-318b-4157-9196-baf1499b8fa2",
	0,
	0,
	0,
	'',
	'',
	'',
	0,
	0,
	0,
	0,
	0,
	0,
	0,
	0,
	0,
	0,
	0,
	0,
	0,
	"c21ee80b-7b9d-468e-81e4-790472c8b3f8",
	"00000000-0000-0000-0000-000000000000");
INSERT INTO SPR_REP
	VALUES ("d3b00f4a-2ff0-4200-9566-b7eba7d85c94",
	"7576d5e0-2683-4a42-967a-ddb25a458620",
	"33610dbc-6887-421d-81c6-740629675b3d");
INSERT INTO SPR_RO
	VALUES ("d3b00f4a-2ff0-4200-9566-b7eba7d85c94",
	'get_heading',
	'',
	'',
	1,
	0);
INSERT INTO ACT_ROB
	VALUES ("11d37060-18b9-4fc1-a70d-f49f921c9b6d",
	"d3b00f4a-2ff0-4200-9566-b7eba7d85c94");
INSERT INTO ACT_ACT
	VALUES ("11d37060-18b9-4fc1-a70d-f49f921c9b6d",
	'interface operation',
	0,
	"3d86ab66-87f2-471b-a841-ba9693805189",
	"00000000-0000-0000-0000-000000000000",
	0,
	'Port1::mavcontrol::get_heading',
	"00000000-0000-0000-0000-000000000000");
INSERT INTO ACT_BLK
	VALUES ("3d86ab66-87f2-471b-a841-ba9693805189",
	0,
	0,
	0,
	'',
	'',
	'',
	0,
	0,
	0,
	0,
	0,
	0,
	0,
	0,
	0,
	0,
	0,
	0,
	0,
	"11d37060-18b9-4fc1-a70d-f49f921c9b6d",
	"00000000-0000-0000-0000-000000000000");
INSERT INTO SPR_REP
	VALUES ("f864983a-f5f2-4a40-ae2f-8dbaf0842d15",
	"e2e61698-b9dc-4911-95c7-79872095f0dd",
	"33610dbc-6887-421d-81c6-740629675b3d");
INSERT INTO SPR_RO
	VALUES ("f864983a-f5f2-4a40-ae2f-8dbaf0842d15",
	'ready',
	'',
	'select any ctrl from Controller;
generate Controller2:''ready'' to ctrl;
',
	1,
	0);
INSERT INTO ACT_ROB
	VALUES ("12833464-3276-438a-948f-ca380cb8070d",
	"f864983a-f5f2-4a40-ae2f-8dbaf0842d15");
INSERT INTO ACT_ACT
	VALUES ("12833464-3276-438a-948f-ca380cb8070d",
	'interface operation',
	0,
	"34b3fc50-1aa9-4836-ba9f-b879be04c77d",
	"00000000-0000-0000-0000-000000000000",
	0,
	'Port1::mavcontrol::ready',
	"00000000-0000-0000-0000-000000000000");
INSERT INTO ACT_BLK
	VALUES ("34b3fc50-1aa9-4836-ba9f-b879be04c77d",
	1,
	0,
	0,
	'V_VAR.Var_ID',
	'',
	'',
	2,
	1,
	1,
	22,
	0,
	0,
	0,
	0,
	0,
	0,
	0,
	0,
	0,
	"12833464-3276-438a-948f-ca380cb8070d",
	"00000000-0000-0000-0000-000000000000");
INSERT INTO ACT_SMT
	VALUES ("db8ce3ed-9e38-42d1-bf3c-63758a3c5a43",
	"34b3fc50-1aa9-4836-ba9f-b879be04c77d",
	"6c24dfe2-c2ac-4fed-aa4f-5446e642ad4c",
	1,
	1,
	'Port1::mavcontrol::ready line: 1');
INSERT INTO ACT_FIO
	VALUES ("db8ce3ed-9e38-42d1-bf3c-63758a3c5a43",
	"0dbe1a14-e0bd-464f-ad64-aadf82f73110",
	1,
	'any',
	"44c11680-c695-4cd0-8c5c-49bc06b14528",
	1,
	22);
INSERT INTO ACT_SMT
	VALUES ("6c24dfe2-c2ac-4fed-aa4f-5446e642ad4c",
	"34b3fc50-1aa9-4836-ba9f-b879be04c77d",
	"00000000-0000-0000-0000-000000000000",
	2,
	1,
	'Port1::mavcontrol::ready line: 2');
INSERT INTO E_ESS
	VALUES ("6c24dfe2-c2ac-4fed-aa4f-5446e642ad4c",
	1,
	0,
	2,
	10,
	2,
	22,
	1,
	22,
	0,
	0,
	0,
	0);
INSERT INTO E_GES
	VALUES ("6c24dfe2-c2ac-4fed-aa4f-5446e642ad4c");
INSERT INTO E_GSME
	VALUES ("6c24dfe2-c2ac-4fed-aa4f-5446e642ad4c",
	"b8dcfa69-53b7-440a-8ceb-a235f197459c");
INSERT INTO E_GEN
	VALUES ("6c24dfe2-c2ac-4fed-aa4f-5446e642ad4c",
	"0dbe1a14-e0bd-464f-ad64-aadf82f73110");
INSERT INTO V_VAR
	VALUES ("0dbe1a14-e0bd-464f-ad64-aadf82f73110",
	"34b3fc50-1aa9-4836-ba9f-b879be04c77d",
	'ctrl',
	1,
	"ba5eda7a-def5-0000-0000-000000000008");
INSERT INTO V_INT
	VALUES ("0dbe1a14-e0bd-464f-ad64-aadf82f73110",
	0,
	"44c11680-c695-4cd0-8c5c-49bc06b14528");
INSERT INTO PE_PE
	VALUES ("c7bc1f0d-acc5-45cd-afb5-da93bea1c897",
	1,
	"00000000-0000-0000-0000-000000000000",
	"0d80503a-3f90-42a8-a2a9-2f52ccd4308f",
	7);
INSERT INTO EP_PKG
	VALUES ("c7bc1f0d-acc5-45cd-afb5-da93bea1c897",
	"00000000-0000-0000-0000-000000000000",
	"d923df31-2d4f-4454-ba3a-3347665a758b",
	'Control',
	'',
	0);
INSERT INTO PE_PE
	VALUES ("44c11680-c695-4cd0-8c5c-49bc06b14528",
	1,
	"c7bc1f0d-acc5-45cd-afb5-da93bea1c897",
	"00000000-0000-0000-0000-000000000000",
	4);
INSERT INTO O_OBJ
	VALUES ("44c11680-c695-4cd0-8c5c-49bc06b14528",
	'Controller',
	1,
	'Controller',
	'',
	"00000000-0000-0000-0000-000000000000");
INSERT INTO O_NBATTR
	VALUES ("0e7f33c3-b2c2-41b2-a377-a79d4a667cad",
	"44c11680-c695-4cd0-8c5c-49bc06b14528");
INSERT INTO O_BATTR
	VALUES ("0e7f33c3-b2c2-41b2-a377-a79d4a667cad",
	"44c11680-c695-4cd0-8c5c-49bc06b14528");
INSERT INTO O_ATTR
	VALUES ("0e7f33c3-b2c2-41b2-a377-a79d4a667cad",
	"44c11680-c695-4cd0-8c5c-49bc06b14528",
	"00000000-0000-0000-0000-000000000000",
	'current_state',
	'',
	'',
	'current_state',
	0,
	"ba5eda7a-def5-0000-0000-000000000006",
	'',
	'');
INSERT INTO O_ID
	VALUES (0,
	"44c11680-c695-4cd0-8c5c-49bc06b14528");
INSERT INTO O_ID
	VALUES (1,
	"44c11680-c695-4cd0-8c5c-49bc06b14528");
INSERT INTO O_ID
	VALUES (2,
	"44c11680-c695-4cd0-8c5c-49bc06b14528");
INSERT INTO SM_ISM
	VALUES ("c0c74364-95af-42df-a665-9e2fd1a7f507",
	"44c11680-c695-4cd0-8c5c-49bc06b14528");
INSERT INTO SM_SM
	VALUES ("c0c74364-95af-42df-a665-9e2fd1a7f507",
	'',
	0);
INSERT INTO SM_MOORE
	VALUES ("c0c74364-95af-42df-a665-9e2fd1a7f507");
INSERT INTO SM_LEVT
	VALUES ("26caf769-2f00-4ee1-8664-83ff862aa1c5",
	"c0c74364-95af-42df-a665-9e2fd1a7f507",
	"00000000-0000-0000-0000-000000000000");
INSERT INTO SM_SEVT
	VALUES ("26caf769-2f00-4ee1-8664-83ff862aa1c5",
	"c0c74364-95af-42df-a665-9e2fd1a7f507",
	"00000000-0000-0000-0000-000000000000");
INSERT INTO SM_EVT
	VALUES ("26caf769-2f00-4ee1-8664-83ff862aa1c5",
	"c0c74364-95af-42df-a665-9e2fd1a7f507",
	"00000000-0000-0000-0000-000000000000",
	1,
	'start',
	0,
	'',
	'Controller1',
	'');
INSERT INTO SM_LEVT
	VALUES ("b8dcfa69-53b7-440a-8ceb-a235f197459c",
	"c0c74364-95af-42df-a665-9e2fd1a7f507",
	"00000000-0000-0000-0000-000000000000");
INSERT INTO SM_SEVT
	VALUES ("b8dcfa69-53b7-440a-8ceb-a235f197459c",
	"c0c74364-95af-42df-a665-9e2fd1a7f507",
	"00000000-0000-0000-0000-000000000000");
INSERT INTO SM_EVT
	VALUES ("b8dcfa69-53b7-440a-8ceb-a235f197459c",
	"c0c74364-95af-42df-a665-9e2fd1a7f507",
	"00000000-0000-0000-0000-000000000000",
	2,
	'ready',
	0,
	'',
	'Controller2',
	'');
INSERT INTO SM_LEVT
	VALUES ("19049758-7bec-42d7-86f4-c2e578e190fe",
	"c0c74364-95af-42df-a665-9e2fd1a7f507",
	"00000000-0000-0000-0000-000000000000");
INSERT INTO SM_SEVT
	VALUES ("19049758-7bec-42d7-86f4-c2e578e190fe",
	"c0c74364-95af-42df-a665-9e2fd1a7f507",
	"00000000-0000-0000-0000-000000000000");
INSERT INTO SM_EVT
	VALUES ("19049758-7bec-42d7-86f4-c2e578e190fe",
	"c0c74364-95af-42df-a665-9e2fd1a7f507",
	"00000000-0000-0000-0000-000000000000",
	3,
	'halt',
	0,
	'',
	'Controller3',
	'');
INSERT INTO SM_LEVT
	VALUES ("745fd2c0-612e-424d-adf8-4c51f45202c2",
	"c0c74364-95af-42df-a665-9e2fd1a7f507",
	"00000000-0000-0000-0000-000000000000");
INSERT INTO SM_SEVT
	VALUES ("745fd2c0-612e-424d-adf8-4c51f45202c2",
	"c0c74364-95af-42df-a665-9e2fd1a7f507",
	"00000000-0000-0000-0000-000000000000");
INSERT INTO SM_EVT
	VALUES ("745fd2c0-612e-424d-adf8-4c51f45202c2",
	"c0c74364-95af-42df-a665-9e2fd1a7f507",
	"00000000-0000-0000-0000-000000000000",
	4,
	'Ddown',
	0,
	'',
	'Controller4',
	'');
INSERT INTO SM_LEVT
	VALUES ("be11292f-bb73-481b-9a0b-99b48b765d7b",
	"c0c74364-95af-42df-a665-9e2fd1a7f507",
	"00000000-0000-0000-0000-000000000000");
INSERT INTO SM_SEVT
	VALUES ("be11292f-bb73-481b-9a0b-99b48b765d7b",
	"c0c74364-95af-42df-a665-9e2fd1a7f507",
	"00000000-0000-0000-0000-000000000000");
INSERT INTO SM_EVT
	VALUES ("be11292f-bb73-481b-9a0b-99b48b765d7b",
	"c0c74364-95af-42df-a665-9e2fd1a7f507",
	"00000000-0000-0000-0000-000000000000",
	5,
	'Dup',
	0,
	'',
	'Controller5',
	'');
INSERT INTO SM_STATE
	VALUES ("15e942e7-32e8-45f2-8e55-3be337618dc3",
	"c0c74364-95af-42df-a665-9e2fd1a7f507",
	"00000000-0000-0000-0000-000000000000",
	'init',
	1,
	0);
INSERT INTO SM_SEME
	VALUES ("15e942e7-32e8-45f2-8e55-3be337618dc3",
	"26caf769-2f00-4ee1-8664-83ff862aa1c5",
	"c0c74364-95af-42df-a665-9e2fd1a7f507",
	"00000000-0000-0000-0000-000000000000");
INSERT INTO SM_CH
	VALUES ("15e942e7-32e8-45f2-8e55-3be337618dc3",
	"b8dcfa69-53b7-440a-8ceb-a235f197459c",
	"c0c74364-95af-42df-a665-9e2fd1a7f507",
	"00000000-0000-0000-0000-000000000000",
	'');
INSERT INTO SM_SEME
	VALUES ("15e942e7-32e8-45f2-8e55-3be337618dc3",
	"b8dcfa69-53b7-440a-8ceb-a235f197459c",
	"c0c74364-95af-42df-a665-9e2fd1a7f507",
	"00000000-0000-0000-0000-000000000000");
INSERT INTO SM_CH
	VALUES ("15e942e7-32e8-45f2-8e55-3be337618dc3",
	"19049758-7bec-42d7-86f4-c2e578e190fe",
	"c0c74364-95af-42df-a665-9e2fd1a7f507",
	"00000000-0000-0000-0000-000000000000",
	'');
INSERT INTO SM_SEME
	VALUES ("15e942e7-32e8-45f2-8e55-3be337618dc3",
	"19049758-7bec-42d7-86f4-c2e578e190fe",
	"c0c74364-95af-42df-a665-9e2fd1a7f507",
	"00000000-0000-0000-0000-000000000000");
INSERT INTO SM_CH
	VALUES ("15e942e7-32e8-45f2-8e55-3be337618dc3",
	"745fd2c0-612e-424d-adf8-4c51f45202c2",
	"c0c74364-95af-42df-a665-9e2fd1a7f507",
	"00000000-0000-0000-0000-000000000000",
	'');
INSERT INTO SM_SEME
	VALUES ("15e942e7-32e8-45f2-8e55-3be337618dc3",
	"745fd2c0-612e-424d-adf8-4c51f45202c2",
	"c0c74364-95af-42df-a665-9e2fd1a7f507",
	"00000000-0000-0000-0000-000000000000");
INSERT INTO SM_CH
	VALUES ("15e942e7-32e8-45f2-8e55-3be337618dc3",
	"be11292f-bb73-481b-9a0b-99b48b765d7b",
	"c0c74364-95af-42df-a665-9e2fd1a7f507",
	"00000000-0000-0000-0000-000000000000",
	'');
INSERT INTO SM_SEME
	VALUES ("15e942e7-32e8-45f2-8e55-3be337618dc3",
	"be11292f-bb73-481b-9a0b-99b48b765d7b",
	"c0c74364-95af-42df-a665-9e2fd1a7f507",
	"00000000-0000-0000-0000-000000000000");
INSERT INTO SM_MOAH
	VALUES ("e428d862-b2f8-4cd3-a86f-c26d1a27bf78",
	"c0c74364-95af-42df-a665-9e2fd1a7f507",
	"15e942e7-32e8-45f2-8e55-3be337618dc3");
INSERT INTO SM_AH
	VALUES ("e428d862-b2f8-4cd3-a86f-c26d1a27bf78",
	"c0c74364-95af-42df-a665-9e2fd1a7f507");
INSERT INTO SM_ACT
	VALUES ("e428d862-b2f8-4cd3-a86f-c26d1a27bf78",
	"c0c74364-95af-42df-a665-9e2fd1a7f507",
	1,
	'',
	'',
	0);
INSERT INTO ACT_SAB
	VALUES ("c5279167-23f3-41fb-9c8d-96bb6df84e9a",
	"c0c74364-95af-42df-a665-9e2fd1a7f507",
	"e428d862-b2f8-4cd3-a86f-c26d1a27bf78");
INSERT INTO ACT_ACT
	VALUES ("c5279167-23f3-41fb-9c8d-96bb6df84e9a",
	'state',
	0,
	"8f76ebe3-7742-493f-a1d7-7d2e6d83bf25",
	"00000000-0000-0000-0000-000000000000",
	0,
	'Controller::init',
	"00000000-0000-0000-0000-000000000000");
INSERT INTO ACT_BLK
	VALUES ("8f76ebe3-7742-493f-a1d7-7d2e6d83bf25",
	0,
	0,
	0,
	'',
	'',
	'',
	0,
	0,
	0,
	0,
	0,
	0,
	0,
	0,
	0,
	0,
	0,
	0,
	0,
	"c5279167-23f3-41fb-9c8d-96bb6df84e9a",
	"00000000-0000-0000-0000-000000000000");
INSERT INTO SM_STATE
	VALUES ("85df3401-39cd-4f4a-97c2-022cb716f112",
	"c0c74364-95af-42df-a665-9e2fd1a7f507",
	"00000000-0000-0000-0000-000000000000",
	'takeoff',
	2,
	0);
INSERT INTO SM_CH
	VALUES ("85df3401-39cd-4f4a-97c2-022cb716f112",
	"26caf769-2f00-4ee1-8664-83ff862aa1c5",
	"c0c74364-95af-42df-a665-9e2fd1a7f507",
	"00000000-0000-0000-0000-000000000000",
	'');
INSERT INTO SM_SEME
	VALUES ("85df3401-39cd-4f4a-97c2-022cb716f112",
	"26caf769-2f00-4ee1-8664-83ff862aa1c5",
	"c0c74364-95af-42df-a665-9e2fd1a7f507",
	"00000000-0000-0000-0000-000000000000");
INSERT INTO SM_SEME
	VALUES ("85df3401-39cd-4f4a-97c2-022cb716f112",
	"b8dcfa69-53b7-440a-8ceb-a235f197459c",
	"c0c74364-95af-42df-a665-9e2fd1a7f507",
	"00000000-0000-0000-0000-000000000000");
INSERT INTO SM_SEME
	VALUES ("85df3401-39cd-4f4a-97c2-022cb716f112",
	"19049758-7bec-42d7-86f4-c2e578e190fe",
	"c0c74364-95af-42df-a665-9e2fd1a7f507",
	"00000000-0000-0000-0000-000000000000");
INSERT INTO SM_CH
	VALUES ("85df3401-39cd-4f4a-97c2-022cb716f112",
	"745fd2c0-612e-424d-adf8-4c51f45202c2",
	"c0c74364-95af-42df-a665-9e2fd1a7f507",
	"00000000-0000-0000-0000-000000000000",
	'');
INSERT INTO SM_SEME
	VALUES ("85df3401-39cd-4f4a-97c2-022cb716f112",
	"745fd2c0-612e-424d-adf8-4c51f45202c2",
	"c0c74364-95af-42df-a665-9e2fd1a7f507",
	"00000000-0000-0000-0000-000000000000");
INSERT INTO SM_CH
	VALUES ("85df3401-39cd-4f4a-97c2-022cb716f112",
	"be11292f-bb73-481b-9a0b-99b48b765d7b",
	"c0c74364-95af-42df-a665-9e2fd1a7f507",
	"00000000-0000-0000-0000-000000000000",
	'');
INSERT INTO SM_SEME
	VALUES ("85df3401-39cd-4f4a-97c2-022cb716f112",
	"be11292f-bb73-481b-9a0b-99b48b765d7b",
	"c0c74364-95af-42df-a665-9e2fd1a7f507",
	"00000000-0000-0000-0000-000000000000");
INSERT INTO SM_MOAH
	VALUES ("be717a5d-f7a8-4ff8-b2b0-b978d58334f0",
	"c0c74364-95af-42df-a665-9e2fd1a7f507",
	"85df3401-39cd-4f4a-97c2-022cb716f112");
INSERT INTO SM_AH
	VALUES ("be717a5d-f7a8-4ff8-b2b0-b978d58334f0",
	"c0c74364-95af-42df-a665-9e2fd1a7f507");
INSERT INTO SM_ACT
	VALUES ("be717a5d-f7a8-4ff8-b2b0-b978d58334f0",
	"c0c74364-95af-42df-a665-9e2fd1a7f507",
	1,
	'Port1::takeoff( alt:1 );
Port1::set_heading( heading:0 );',
	'',
	0);
INSERT INTO ACT_SAB
	VALUES ("8fdf382c-f7b4-4b9c-a73c-05716c6c694b",
	"c0c74364-95af-42df-a665-9e2fd1a7f507",
	"be717a5d-f7a8-4ff8-b2b0-b978d58334f0");
INSERT INTO ACT_ACT
	VALUES ("8fdf382c-f7b4-4b9c-a73c-05716c6c694b",
	'state',
	0,
	"4ee03e46-3981-4955-aab7-5e7560e2412c",
	"00000000-0000-0000-0000-000000000000",
	0,
	'Controller::takeoff',
	"00000000-0000-0000-0000-000000000000");
INSERT INTO ACT_BLK
	VALUES ("4ee03e46-3981-4955-aab7-5e7560e2412c",
	0,
	0,
	0,
	'Port1',
	'',
	'',
	2,
	1,
	2,
	1,
	0,
	0,
	0,
	0,
	0,
	0,
	0,
	0,
	0,
	"8fdf382c-f7b4-4b9c-a73c-05716c6c694b",
	"00000000-0000-0000-0000-000000000000");
INSERT INTO ACT_SMT
	VALUES ("14db487d-68a0-4931-b67e-a5e64b02fbe8",
	"4ee03e46-3981-4955-aab7-5e7560e2412c",
	"c95e8daa-f27a-4e53-bc97-45d1687f1bb3",
	1,
	1,
	'Controller::takeoff line: 1');
INSERT INTO ACT_IOP
	VALUES ("14db487d-68a0-4931-b67e-a5e64b02fbe8",
	1,
	8,
	1,
	1,
	"00000000-0000-0000-0000-000000000000",
	"786f401b-dc06-4f89-95d6-805158b17282",
	"00000000-0000-0000-0000-000000000000");
INSERT INTO ACT_SMT
	VALUES ("c95e8daa-f27a-4e53-bc97-45d1687f1bb3",
	"4ee03e46-3981-4955-aab7-5e7560e2412c",
	"00000000-0000-0000-0000-000000000000",
	2,
	1,
	'Controller::takeoff line: 2');
INSERT INTO ACT_IOP
	VALUES ("c95e8daa-f27a-4e53-bc97-45d1687f1bb3",
	2,
	8,
	2,
	1,
	"00000000-0000-0000-0000-000000000000",
	"55afac66-d149-4d24-9466-0c4a6f48dcf5",
	"00000000-0000-0000-0000-000000000000");
INSERT INTO V_VAL
	VALUES ("3152f7cb-58b3-4eef-a0bf-cad0261e82dd",
	0,
	0,
	1,
	21,
	21,
	0,
	0,
	0,
	0,
	"ba5eda7a-def5-0000-0000-000000000002",
	"4ee03e46-3981-4955-aab7-5e7560e2412c");
INSERT INTO V_LIN
	VALUES ("3152f7cb-58b3-4eef-a0bf-cad0261e82dd",
	'1');
INSERT INTO V_PAR
	VALUES ("3152f7cb-58b3-4eef-a0bf-cad0261e82dd",
	"14db487d-68a0-4931-b67e-a5e64b02fbe8",
	"00000000-0000-0000-0000-000000000000",
	'alt',
	"00000000-0000-0000-0000-000000000000",
	1,
	17);
INSERT INTO V_VAL
	VALUES ("5385c5fb-0c88-427a-870b-bd45b2015c35",
	0,
	0,
	2,
	29,
	29,
	0,
	0,
	0,
	0,
	"ba5eda7a-def5-0000-0000-000000000002",
	"4ee03e46-3981-4955-aab7-5e7560e2412c");
INSERT INTO V_LIN
	VALUES ("5385c5fb-0c88-427a-870b-bd45b2015c35",
	'0');
INSERT INTO V_PAR
	VALUES ("5385c5fb-0c88-427a-870b-bd45b2015c35",
	"c95e8daa-f27a-4e53-bc97-45d1687f1bb3",
	"00000000-0000-0000-0000-000000000000",
	'heading',
	"00000000-0000-0000-0000-000000000000",
	2,
	21);
INSERT INTO SM_STATE
	VALUES ("c5910dfe-bc1b-444e-93f4-4de247c52efd",
	"c0c74364-95af-42df-a665-9e2fd1a7f507",
	"00000000-0000-0000-0000-000000000000",
	'go',
	3,
	0);
INSERT INTO SM_CH
	VALUES ("c5910dfe-bc1b-444e-93f4-4de247c52efd",
	"26caf769-2f00-4ee1-8664-83ff862aa1c5",
	"c0c74364-95af-42df-a665-9e2fd1a7f507",
	"00000000-0000-0000-0000-000000000000",
	'');
INSERT INTO SM_SEME
	VALUES ("c5910dfe-bc1b-444e-93f4-4de247c52efd",
	"26caf769-2f00-4ee1-8664-83ff862aa1c5",
	"c0c74364-95af-42df-a665-9e2fd1a7f507",
	"00000000-0000-0000-0000-000000000000");
INSERT INTO SM_SEME
	VALUES ("c5910dfe-bc1b-444e-93f4-4de247c52efd",
	"b8dcfa69-53b7-440a-8ceb-a235f197459c",
	"c0c74364-95af-42df-a665-9e2fd1a7f507",
	"00000000-0000-0000-0000-000000000000");
INSERT INTO SM_SEME
	VALUES ("c5910dfe-bc1b-444e-93f4-4de247c52efd",
	"19049758-7bec-42d7-86f4-c2e578e190fe",
	"c0c74364-95af-42df-a665-9e2fd1a7f507",
	"00000000-0000-0000-0000-000000000000");
INSERT INTO SM_CH
	VALUES ("c5910dfe-bc1b-444e-93f4-4de247c52efd",
	"745fd2c0-612e-424d-adf8-4c51f45202c2",
	"c0c74364-95af-42df-a665-9e2fd1a7f507",
	"00000000-0000-0000-0000-000000000000",
	'');
INSERT INTO SM_SEME
	VALUES ("c5910dfe-bc1b-444e-93f4-4de247c52efd",
	"745fd2c0-612e-424d-adf8-4c51f45202c2",
	"c0c74364-95af-42df-a665-9e2fd1a7f507",
	"00000000-0000-0000-0000-000000000000");
INSERT INTO SM_CH
	VALUES ("c5910dfe-bc1b-444e-93f4-4de247c52efd",
	"be11292f-bb73-481b-9a0b-99b48b765d7b",
	"c0c74364-95af-42df-a665-9e2fd1a7f507",
	"00000000-0000-0000-0000-000000000000",
	'');
INSERT INTO SM_SEME
	VALUES ("c5910dfe-bc1b-444e-93f4-4de247c52efd",
	"be11292f-bb73-481b-9a0b-99b48b765d7b",
	"c0c74364-95af-42df-a665-9e2fd1a7f507",
	"00000000-0000-0000-0000-000000000000");
INSERT INTO SM_MOAH
	VALUES ("6f2e467b-172e-4f6b-8130-3bc95e95c167",
	"c0c74364-95af-42df-a665-9e2fd1a7f507",
	"c5910dfe-bc1b-444e-93f4-4de247c52efd");
INSERT INTO SM_AH
	VALUES ("6f2e467b-172e-4f6b-8130-3bc95e95c167",
	"c0c74364-95af-42df-a665-9e2fd1a7f507");
INSERT INTO SM_ACT
	VALUES ("6f2e467b-172e-4f6b-8130-3bc95e95c167",
	"c0c74364-95af-42df-a665-9e2fd1a7f507",
	1,
	'Port1::set_destination( x:-1, y:1, z:5 );
Port1::set_heading( heading:0 );',
	'',
	0);
INSERT INTO ACT_SAB
	VALUES ("26356afa-ef23-44f5-bd74-2316ba90575f",
	"c0c74364-95af-42df-a665-9e2fd1a7f507",
	"6f2e467b-172e-4f6b-8130-3bc95e95c167");
INSERT INTO ACT_ACT
	VALUES ("26356afa-ef23-44f5-bd74-2316ba90575f",
	'state',
	0,
	"9b791914-6986-490f-85d9-662af02776d7",
	"00000000-0000-0000-0000-000000000000",
	0,
	'Controller::go',
	"00000000-0000-0000-0000-000000000000");
INSERT INTO ACT_BLK
	VALUES ("9b791914-6986-490f-85d9-662af02776d7",
	0,
	0,
	0,
	'Port1',
	'',
	'',
	2,
	1,
	2,
	1,
	0,
	0,
	0,
	0,
	0,
	0,
	0,
	0,
	0,
	"26356afa-ef23-44f5-bd74-2316ba90575f",
	"00000000-0000-0000-0000-000000000000");
INSERT INTO ACT_SMT
	VALUES ("799c88dd-59c4-451a-9f3e-4565957c75ab",
	"9b791914-6986-490f-85d9-662af02776d7",
	"19933128-df3d-4b49-8fb5-fd5da730045e",
	1,
	1,
	'Controller::go line: 1');
INSERT INTO ACT_IOP
	VALUES ("799c88dd-59c4-451a-9f3e-4565957c75ab",
	1,
	8,
	1,
	1,
	"00000000-0000-0000-0000-000000000000",
	"0b7b0648-980a-4657-9783-453131e6af11",
	"00000000-0000-0000-0000-000000000000");
INSERT INTO ACT_SMT
	VALUES ("19933128-df3d-4b49-8fb5-fd5da730045e",
	"9b791914-6986-490f-85d9-662af02776d7",
	"00000000-0000-0000-0000-000000000000",
	2,
	1,
	'Controller::go line: 2');
INSERT INTO ACT_IOP
	VALUES ("19933128-df3d-4b49-8fb5-fd5da730045e",
	2,
	8,
	2,
	1,
	"00000000-0000-0000-0000-000000000000",
	"55afac66-d149-4d24-9466-0c4a6f48dcf5",
	"00000000-0000-0000-0000-000000000000");
INSERT INTO V_VAL
	VALUES ("c94a29b4-4618-4459-87ac-0ce72506d784",
	0,
	0,
	-1,
	-1,
	-1,
	0,
	0,
	0,
	0,
	"ba5eda7a-def5-0000-0000-000000000002",
	"9b791914-6986-490f-85d9-662af02776d7");
INSERT INTO V_UNY
	VALUES ("c94a29b4-4618-4459-87ac-0ce72506d784",
	"ab8e70d2-98e6-434d-88eb-cc6370006ee6",
	'-');
INSERT INTO V_PAR
	VALUES ("c94a29b4-4618-4459-87ac-0ce72506d784",
	"799c88dd-59c4-451a-9f3e-4565957c75ab",
	"00000000-0000-0000-0000-000000000000",
	'x',
	"0954f120-a0b6-4b37-807a-95c0e8ff2118",
	1,
	25);
INSERT INTO V_VAL
	VALUES ("ab8e70d2-98e6-434d-88eb-cc6370006ee6",
	0,
	0,
	1,
	28,
	28,
	0,
	0,
	0,
	0,
	"ba5eda7a-def5-0000-0000-000000000002",
	"9b791914-6986-490f-85d9-662af02776d7");
INSERT INTO V_LIN
	VALUES ("ab8e70d2-98e6-434d-88eb-cc6370006ee6",
	'1');
INSERT INTO V_VAL
	VALUES ("0954f120-a0b6-4b37-807a-95c0e8ff2118",
	0,
	0,
	1,
	33,
	33,
	0,
	0,
	0,
	0,
	"ba5eda7a-def5-0000-0000-000000000002",
	"9b791914-6986-490f-85d9-662af02776d7");
INSERT INTO V_LIN
	VALUES ("0954f120-a0b6-4b37-807a-95c0e8ff2118",
	'1');
INSERT INTO V_PAR
	VALUES ("0954f120-a0b6-4b37-807a-95c0e8ff2118",
	"799c88dd-59c4-451a-9f3e-4565957c75ab",
	"00000000-0000-0000-0000-000000000000",
	'y',
	"bc066254-dbec-4880-a872-4df86434f02b",
	1,
	31);
INSERT INTO V_VAL
	VALUES ("bc066254-dbec-4880-a872-4df86434f02b",
	0,
	0,
	1,
	38,
	38,
	0,
	0,
	0,
	0,
	"ba5eda7a-def5-0000-0000-000000000002",
	"9b791914-6986-490f-85d9-662af02776d7");
INSERT INTO V_LIN
	VALUES ("bc066254-dbec-4880-a872-4df86434f02b",
	'5');
INSERT INTO V_PAR
	VALUES ("bc066254-dbec-4880-a872-4df86434f02b",
	"799c88dd-59c4-451a-9f3e-4565957c75ab",
	"00000000-0000-0000-0000-000000000000",
	'z',
	"00000000-0000-0000-0000-000000000000",
	1,
	36);
INSERT INTO V_VAL
	VALUES ("9e4fc327-daba-40a3-9c39-5d5280c5acdd",
	0,
	0,
	2,
	29,
	29,
	0,
	0,
	0,
	0,
	"ba5eda7a-def5-0000-0000-000000000002",
	"9b791914-6986-490f-85d9-662af02776d7");
INSERT INTO V_LIN
	VALUES ("9e4fc327-daba-40a3-9c39-5d5280c5acdd",
	'0');
INSERT INTO V_PAR
	VALUES ("9e4fc327-daba-40a3-9c39-5d5280c5acdd",
	"19933128-df3d-4b49-8fb5-fd5da730045e",
	"00000000-0000-0000-0000-000000000000",
	'heading',
	"00000000-0000-0000-0000-000000000000",
	2,
	21);
INSERT INTO SM_STATE
	VALUES ("4333ab45-486d-4d01-8816-bc0a96a5f5ac",
	"c0c74364-95af-42df-a665-9e2fd1a7f507",
	"00000000-0000-0000-0000-000000000000",
	'land',
	4,
	0);
INSERT INTO SM_CH
	VALUES ("4333ab45-486d-4d01-8816-bc0a96a5f5ac",
	"26caf769-2f00-4ee1-8664-83ff862aa1c5",
	"c0c74364-95af-42df-a665-9e2fd1a7f507",
	"00000000-0000-0000-0000-000000000000",
	'');
INSERT INTO SM_SEME
	VALUES ("4333ab45-486d-4d01-8816-bc0a96a5f5ac",
	"26caf769-2f00-4ee1-8664-83ff862aa1c5",
	"c0c74364-95af-42df-a665-9e2fd1a7f507",
	"00000000-0000-0000-0000-000000000000");
INSERT INTO SM_CH
	VALUES ("4333ab45-486d-4d01-8816-bc0a96a5f5ac",
	"b8dcfa69-53b7-440a-8ceb-a235f197459c",
	"c0c74364-95af-42df-a665-9e2fd1a7f507",
	"00000000-0000-0000-0000-000000000000",
	'');
INSERT INTO SM_SEME
	VALUES ("4333ab45-486d-4d01-8816-bc0a96a5f5ac",
	"b8dcfa69-53b7-440a-8ceb-a235f197459c",
	"c0c74364-95af-42df-a665-9e2fd1a7f507",
	"00000000-0000-0000-0000-000000000000");
INSERT INTO SM_CH
	VALUES ("4333ab45-486d-4d01-8816-bc0a96a5f5ac",
	"19049758-7bec-42d7-86f4-c2e578e190fe",
	"c0c74364-95af-42df-a665-9e2fd1a7f507",
	"00000000-0000-0000-0000-000000000000",
	'');
INSERT INTO SM_SEME
	VALUES ("4333ab45-486d-4d01-8816-bc0a96a5f5ac",
	"19049758-7bec-42d7-86f4-c2e578e190fe",
	"c0c74364-95af-42df-a665-9e2fd1a7f507",
	"00000000-0000-0000-0000-000000000000");
INSERT INTO SM_CH
	VALUES ("4333ab45-486d-4d01-8816-bc0a96a5f5ac",
	"745fd2c0-612e-424d-adf8-4c51f45202c2",
	"c0c74364-95af-42df-a665-9e2fd1a7f507",
	"00000000-0000-0000-0000-000000000000",
	'');
INSERT INTO SM_SEME
	VALUES ("4333ab45-486d-4d01-8816-bc0a96a5f5ac",
	"745fd2c0-612e-424d-adf8-4c51f45202c2",
	"c0c74364-95af-42df-a665-9e2fd1a7f507",
	"00000000-0000-0000-0000-000000000000");
INSERT INTO SM_CH
	VALUES ("4333ab45-486d-4d01-8816-bc0a96a5f5ac",
	"be11292f-bb73-481b-9a0b-99b48b765d7b",
	"c0c74364-95af-42df-a665-9e2fd1a7f507",
	"00000000-0000-0000-0000-000000000000",
	'');
INSERT INTO SM_SEME
	VALUES ("4333ab45-486d-4d01-8816-bc0a96a5f5ac",
	"be11292f-bb73-481b-9a0b-99b48b765d7b",
	"c0c74364-95af-42df-a665-9e2fd1a7f507",
	"00000000-0000-0000-0000-000000000000");
INSERT INTO SM_MOAH
	VALUES ("30aa0d3d-23b2-488b-b723-e9028f41aa33",
	"c0c74364-95af-42df-a665-9e2fd1a7f507",
	"4333ab45-486d-4d01-8816-bc0a96a5f5ac");
INSERT INTO SM_AH
	VALUES ("30aa0d3d-23b2-488b-b723-e9028f41aa33",
	"c0c74364-95af-42df-a665-9e2fd1a7f507");
INSERT INTO SM_ACT
	VALUES ("30aa0d3d-23b2-488b-b723-e9028f41aa33",
	"c0c74364-95af-42df-a665-9e2fd1a7f507",
	1,
	'Port1::land();
Port1::set_heading( heading:0 );
',
	'',
	0);
INSERT INTO ACT_SAB
	VALUES ("f40e1c7c-07c0-467e-9a32-1bec92b20150",
	"c0c74364-95af-42df-a665-9e2fd1a7f507",
	"30aa0d3d-23b2-488b-b723-e9028f41aa33");
INSERT INTO ACT_ACT
	VALUES ("f40e1c7c-07c0-467e-9a32-1bec92b20150",
	'state',
	0,
	"9a8b73c1-7fd6-4296-9b13-e463c1db92eb",
	"00000000-0000-0000-0000-000000000000",
	0,
	'Controller::land',
	"00000000-0000-0000-0000-000000000000");
INSERT INTO ACT_BLK
	VALUES ("9a8b73c1-7fd6-4296-9b13-e463c1db92eb",
	0,
	0,
	0,
	'Port1',
	'',
	'',
	2,
	1,
	2,
	1,
	0,
	0,
	0,
	0,
	0,
	0,
	0,
	0,
	0,
	"f40e1c7c-07c0-467e-9a32-1bec92b20150",
	"00000000-0000-0000-0000-000000000000");
INSERT INTO ACT_SMT
	VALUES ("13d5b816-bbaf-4aea-b1f7-ed113a88e15b",
	"9a8b73c1-7fd6-4296-9b13-e463c1db92eb",
	"bdd23d03-6d12-418d-bbe3-03d68d1360ca",
	1,
	1,
	'Controller::land line: 1');
INSERT INTO ACT_IOP
	VALUES ("13d5b816-bbaf-4aea-b1f7-ed113a88e15b",
	1,
	8,
	1,
	1,
	"00000000-0000-0000-0000-000000000000",
	"ea4468fa-4b20-4012-8e54-d298c549ee90",
	"00000000-0000-0000-0000-000000000000");
INSERT INTO ACT_SMT
	VALUES ("bdd23d03-6d12-418d-bbe3-03d68d1360ca",
	"9a8b73c1-7fd6-4296-9b13-e463c1db92eb",
	"00000000-0000-0000-0000-000000000000",
	2,
	1,
	'Controller::land line: 2');
INSERT INTO ACT_IOP
	VALUES ("bdd23d03-6d12-418d-bbe3-03d68d1360ca",
	2,
	8,
	2,
	1,
	"00000000-0000-0000-0000-000000000000",
	"55afac66-d149-4d24-9466-0c4a6f48dcf5",
	"00000000-0000-0000-0000-000000000000");
INSERT INTO V_VAL
	VALUES ("a8d32540-e832-4215-a9f7-40ac75a6f470",
	0,
	0,
	2,
	29,
	29,
	0,
	0,
	0,
	0,
	"ba5eda7a-def5-0000-0000-000000000002",
	"9a8b73c1-7fd6-4296-9b13-e463c1db92eb");
INSERT INTO V_LIN
	VALUES ("a8d32540-e832-4215-a9f7-40ac75a6f470",
	'0');
INSERT INTO V_PAR
	VALUES ("a8d32540-e832-4215-a9f7-40ac75a6f470",
	"bdd23d03-6d12-418d-bbe3-03d68d1360ca",
	"00000000-0000-0000-0000-000000000000",
	'heading',
	"00000000-0000-0000-0000-000000000000",
	2,
	21);
INSERT INTO SM_STATE
	VALUES ("04b9bcfb-6f7a-4733-b3a6-453ba796e3c4",
	"c0c74364-95af-42df-a665-9e2fd1a7f507",
	"00000000-0000-0000-0000-000000000000",
	'go2',
	5,
	0);
INSERT INTO SM_CH
	VALUES ("04b9bcfb-6f7a-4733-b3a6-453ba796e3c4",
	"26caf769-2f00-4ee1-8664-83ff862aa1c5",
	"c0c74364-95af-42df-a665-9e2fd1a7f507",
	"00000000-0000-0000-0000-000000000000",
	'');
INSERT INTO SM_SEME
	VALUES ("04b9bcfb-6f7a-4733-b3a6-453ba796e3c4",
	"26caf769-2f00-4ee1-8664-83ff862aa1c5",
	"c0c74364-95af-42df-a665-9e2fd1a7f507",
	"00000000-0000-0000-0000-000000000000");
INSERT INTO SM_CH
	VALUES ("04b9bcfb-6f7a-4733-b3a6-453ba796e3c4",
	"b8dcfa69-53b7-440a-8ceb-a235f197459c",
	"c0c74364-95af-42df-a665-9e2fd1a7f507",
	"00000000-0000-0000-0000-000000000000",
	'');
INSERT INTO SM_SEME
	VALUES ("04b9bcfb-6f7a-4733-b3a6-453ba796e3c4",
	"b8dcfa69-53b7-440a-8ceb-a235f197459c",
	"c0c74364-95af-42df-a665-9e2fd1a7f507",
	"00000000-0000-0000-0000-000000000000");
INSERT INTO SM_SEME
	VALUES ("04b9bcfb-6f7a-4733-b3a6-453ba796e3c4",
	"19049758-7bec-42d7-86f4-c2e578e190fe",
	"c0c74364-95af-42df-a665-9e2fd1a7f507",
	"00000000-0000-0000-0000-000000000000");
INSERT INTO SM_SEME
	VALUES ("04b9bcfb-6f7a-4733-b3a6-453ba796e3c4",
	"745fd2c0-612e-424d-adf8-4c51f45202c2",
	"c0c74364-95af-42df-a665-9e2fd1a7f507",
	"00000000-0000-0000-0000-000000000000");
INSERT INTO SM_CH
	VALUES ("04b9bcfb-6f7a-4733-b3a6-453ba796e3c4",
	"be11292f-bb73-481b-9a0b-99b48b765d7b",
	"c0c74364-95af-42df-a665-9e2fd1a7f507",
	"00000000-0000-0000-0000-000000000000",
	'');
INSERT INTO SM_SEME
	VALUES ("04b9bcfb-6f7a-4733-b3a6-453ba796e3c4",
	"be11292f-bb73-481b-9a0b-99b48b765d7b",
	"c0c74364-95af-42df-a665-9e2fd1a7f507",
	"00000000-0000-0000-0000-000000000000");
INSERT INTO SM_MOAH
	VALUES ("61a0670f-5922-43eb-8e20-71fe51619f0a",
	"c0c74364-95af-42df-a665-9e2fd1a7f507",
	"04b9bcfb-6f7a-4733-b3a6-453ba796e3c4");
INSERT INTO SM_AH
	VALUES ("61a0670f-5922-43eb-8e20-71fe51619f0a",
	"c0c74364-95af-42df-a665-9e2fd1a7f507");
INSERT INTO SM_ACT
	VALUES ("61a0670f-5922-43eb-8e20-71fe51619f0a",
	"c0c74364-95af-42df-a665-9e2fd1a7f507",
	1,
	'Port1::set_destination( x:10, y:-20, z:5 );
Port1::set_heading( heading:0 );',
	'',
	0);
INSERT INTO ACT_SAB
	VALUES ("891817c1-a189-4f46-a871-dc97ef5a0316",
	"c0c74364-95af-42df-a665-9e2fd1a7f507",
	"61a0670f-5922-43eb-8e20-71fe51619f0a");
INSERT INTO ACT_ACT
	VALUES ("891817c1-a189-4f46-a871-dc97ef5a0316",
	'state',
	0,
	"90bf39c9-67aa-4164-8c02-434118a5986e",
	"00000000-0000-0000-0000-000000000000",
	0,
	'Controller::go2',
	"00000000-0000-0000-0000-000000000000");
INSERT INTO ACT_BLK
	VALUES ("90bf39c9-67aa-4164-8c02-434118a5986e",
	0,
	0,
	0,
	'Port1',
	'',
	'',
	2,
	1,
	2,
	1,
	0,
	0,
	0,
	0,
	0,
	0,
	0,
	0,
	0,
	"891817c1-a189-4f46-a871-dc97ef5a0316",
	"00000000-0000-0000-0000-000000000000");
INSERT INTO ACT_SMT
	VALUES ("cdddcf5b-5abc-4ec8-bbbc-07ba8fb36b9b",
	"90bf39c9-67aa-4164-8c02-434118a5986e",
	"6ab9ba83-29e8-404c-8039-f3c05484fac9",
	1,
	1,
	'Controller::go2 line: 1');
INSERT INTO ACT_IOP
	VALUES ("cdddcf5b-5abc-4ec8-bbbc-07ba8fb36b9b",
	1,
	8,
	1,
	1,
	"00000000-0000-0000-0000-000000000000",
	"0b7b0648-980a-4657-9783-453131e6af11",
	"00000000-0000-0000-0000-000000000000");
INSERT INTO ACT_SMT
	VALUES ("6ab9ba83-29e8-404c-8039-f3c05484fac9",
	"90bf39c9-67aa-4164-8c02-434118a5986e",
	"00000000-0000-0000-0000-000000000000",
	2,
	1,
	'Controller::go2 line: 2');
INSERT INTO ACT_IOP
	VALUES ("6ab9ba83-29e8-404c-8039-f3c05484fac9",
	2,
	8,
	2,
	1,
	"00000000-0000-0000-0000-000000000000",
	"55afac66-d149-4d24-9466-0c4a6f48dcf5",
	"00000000-0000-0000-0000-000000000000");
INSERT INTO V_VAL
	VALUES ("ba75e755-3415-431b-b0c0-d7deaea469bf",
	0,
	0,
	1,
	27,
	28,
	0,
	0,
	0,
	0,
	"ba5eda7a-def5-0000-0000-000000000002",
	"90bf39c9-67aa-4164-8c02-434118a5986e");
INSERT INTO V_LIN
	VALUES ("ba75e755-3415-431b-b0c0-d7deaea469bf",
	'10');
INSERT INTO V_PAR
	VALUES ("ba75e755-3415-431b-b0c0-d7deaea469bf",
	"cdddcf5b-5abc-4ec8-bbbc-07ba8fb36b9b",
	"00000000-0000-0000-0000-000000000000",
	'x',
	"ec3ce194-c54d-425d-b6ef-036d4185db31",
	1,
	25);
INSERT INTO V_VAL
	VALUES ("ec3ce194-c54d-425d-b6ef-036d4185db31",
	0,
	0,
	-1,
	-1,
	-1,
	0,
	0,
	0,
	0,
	"ba5eda7a-def5-0000-0000-000000000002",
	"90bf39c9-67aa-4164-8c02-434118a5986e");
INSERT INTO V_UNY
	VALUES ("ec3ce194-c54d-425d-b6ef-036d4185db31",
	"ded53bd7-088e-461b-9c9d-d7e94613715e",
	'-');
INSERT INTO V_PAR
	VALUES ("ec3ce194-c54d-425d-b6ef-036d4185db31",
	"cdddcf5b-5abc-4ec8-bbbc-07ba8fb36b9b",
	"00000000-0000-0000-0000-000000000000",
	'y',
	"d6e46706-9060-479d-88f8-4f69def53c71",
	1,
	31);
INSERT INTO V_VAL
	VALUES ("ded53bd7-088e-461b-9c9d-d7e94613715e",
	0,
	0,
	1,
	34,
	35,
	0,
	0,
	0,
	0,
	"ba5eda7a-def5-0000-0000-000000000002",
	"90bf39c9-67aa-4164-8c02-434118a5986e");
INSERT INTO V_LIN
	VALUES ("ded53bd7-088e-461b-9c9d-d7e94613715e",
	'20');
INSERT INTO V_VAL
	VALUES ("d6e46706-9060-479d-88f8-4f69def53c71",
	0,
	0,
	1,
	40,
	40,
	0,
	0,
	0,
	0,
	"ba5eda7a-def5-0000-0000-000000000002",
	"90bf39c9-67aa-4164-8c02-434118a5986e");
INSERT INTO V_LIN
	VALUES ("d6e46706-9060-479d-88f8-4f69def53c71",
	'5');
INSERT INTO V_PAR
	VALUES ("d6e46706-9060-479d-88f8-4f69def53c71",
	"cdddcf5b-5abc-4ec8-bbbc-07ba8fb36b9b",
	"00000000-0000-0000-0000-000000000000",
	'z',
	"00000000-0000-0000-0000-000000000000",
	1,
	38);
INSERT INTO V_VAL
	VALUES ("9c600f75-6626-4798-b922-658f75ecbef1",
	0,
	0,
	2,
	29,
	29,
	0,
	0,
	0,
	0,
	"ba5eda7a-def5-0000-0000-000000000002",
	"90bf39c9-67aa-4164-8c02-434118a5986e");
INSERT INTO V_LIN
	VALUES ("9c600f75-6626-4798-b922-658f75ecbef1",
	'0');
INSERT INTO V_PAR
	VALUES ("9c600f75-6626-4798-b922-658f75ecbef1",
	"6ab9ba83-29e8-404c-8039-f3c05484fac9",
	"00000000-0000-0000-0000-000000000000",
	'heading',
	"00000000-0000-0000-0000-000000000000",
	2,
	21);
INSERT INTO SM_STATE
	VALUES ("5f80c5de-187b-482e-8531-864ded5574af",
	"c0c74364-95af-42df-a665-9e2fd1a7f507",
	"00000000-0000-0000-0000-000000000000",
	'goal',
	8,
	0);
INSERT INTO SM_CH
	VALUES ("5f80c5de-187b-482e-8531-864ded5574af",
	"26caf769-2f00-4ee1-8664-83ff862aa1c5",
	"c0c74364-95af-42df-a665-9e2fd1a7f507",
	"00000000-0000-0000-0000-000000000000",
	'');
INSERT INTO SM_SEME
	VALUES ("5f80c5de-187b-482e-8531-864ded5574af",
	"26caf769-2f00-4ee1-8664-83ff862aa1c5",
	"c0c74364-95af-42df-a665-9e2fd1a7f507",
	"00000000-0000-0000-0000-000000000000");
INSERT INTO SM_SEME
	VALUES ("5f80c5de-187b-482e-8531-864ded5574af",
	"b8dcfa69-53b7-440a-8ceb-a235f197459c",
	"c0c74364-95af-42df-a665-9e2fd1a7f507",
	"00000000-0000-0000-0000-000000000000");
INSERT INTO SM_SEME
	VALUES ("5f80c5de-187b-482e-8531-864ded5574af",
	"19049758-7bec-42d7-86f4-c2e578e190fe",
	"c0c74364-95af-42df-a665-9e2fd1a7f507",
	"00000000-0000-0000-0000-000000000000");
INSERT INTO SM_CH
	VALUES ("5f80c5de-187b-482e-8531-864ded5574af",
	"745fd2c0-612e-424d-adf8-4c51f45202c2",
	"c0c74364-95af-42df-a665-9e2fd1a7f507",
	"00000000-0000-0000-0000-000000000000",
	'');
INSERT INTO SM_SEME
	VALUES ("5f80c5de-187b-482e-8531-864ded5574af",
	"745fd2c0-612e-424d-adf8-4c51f45202c2",
	"c0c74364-95af-42df-a665-9e2fd1a7f507",
	"00000000-0000-0000-0000-000000000000");
INSERT INTO SM_CH
	VALUES ("5f80c5de-187b-482e-8531-864ded5574af",
	"be11292f-bb73-481b-9a0b-99b48b765d7b",
	"c0c74364-95af-42df-a665-9e2fd1a7f507",
	"00000000-0000-0000-0000-000000000000",
	'');
INSERT INTO SM_SEME
	VALUES ("5f80c5de-187b-482e-8531-864ded5574af",
	"be11292f-bb73-481b-9a0b-99b48b765d7b",
	"c0c74364-95af-42df-a665-9e2fd1a7f507",
	"00000000-0000-0000-0000-000000000000");
INSERT INTO SM_MOAH
	VALUES ("a29a51db-3b80-4aa0-acaf-05d7ad6afd4d",
	"c0c74364-95af-42df-a665-9e2fd1a7f507",
	"5f80c5de-187b-482e-8531-864ded5574af");
INSERT INTO SM_AH
	VALUES ("a29a51db-3b80-4aa0-acaf-05d7ad6afd4d",
	"c0c74364-95af-42df-a665-9e2fd1a7f507");
INSERT INTO SM_ACT
	VALUES ("a29a51db-3b80-4aa0-acaf-05d7ad6afd4d",
	"c0c74364-95af-42df-a665-9e2fd1a7f507",
	1,
	'Port1::set_destination( x:0, y:0, z:5 );
Port1::set_heading( heading:0 );',
	'',
	0);
INSERT INTO ACT_SAB
	VALUES ("9ca6f05f-454a-4368-b965-3da9f819466e",
	"c0c74364-95af-42df-a665-9e2fd1a7f507",
	"a29a51db-3b80-4aa0-acaf-05d7ad6afd4d");
INSERT INTO ACT_ACT
	VALUES ("9ca6f05f-454a-4368-b965-3da9f819466e",
	'state',
	0,
	"6b0c6e86-7e72-4b84-8a77-9f61658ae026",
	"00000000-0000-0000-0000-000000000000",
	0,
	'Controller::goal',
	"00000000-0000-0000-0000-000000000000");
INSERT INTO ACT_BLK
	VALUES ("6b0c6e86-7e72-4b84-8a77-9f61658ae026",
	0,
	0,
	0,
	'Port1',
	'',
	'',
	2,
	1,
	2,
	1,
	0,
	0,
	0,
	0,
	0,
	0,
	0,
	0,
	0,
	"9ca6f05f-454a-4368-b965-3da9f819466e",
	"00000000-0000-0000-0000-000000000000");
INSERT INTO ACT_SMT
	VALUES ("bec39fe6-75de-4074-9fd0-24f78431942a",
	"6b0c6e86-7e72-4b84-8a77-9f61658ae026",
	"7f1f812c-0a9f-483a-b87d-479039db7aa8",
	1,
	1,
	'Controller::goal line: 1');
INSERT INTO ACT_IOP
	VALUES ("bec39fe6-75de-4074-9fd0-24f78431942a",
	1,
	8,
	1,
	1,
	"00000000-0000-0000-0000-000000000000",
	"0b7b0648-980a-4657-9783-453131e6af11",
	"00000000-0000-0000-0000-000000000000");
INSERT INTO ACT_SMT
	VALUES ("7f1f812c-0a9f-483a-b87d-479039db7aa8",
	"6b0c6e86-7e72-4b84-8a77-9f61658ae026",
	"00000000-0000-0000-0000-000000000000",
	2,
	1,
	'Controller::goal line: 2');
INSERT INTO ACT_IOP
	VALUES ("7f1f812c-0a9f-483a-b87d-479039db7aa8",
	2,
	8,
	2,
	1,
	"00000000-0000-0000-0000-000000000000",
	"55afac66-d149-4d24-9466-0c4a6f48dcf5",
	"00000000-0000-0000-0000-000000000000");
INSERT INTO V_VAL
	VALUES ("137d7ed9-1912-491c-93e2-1c4e42ac8bff",
	0,
	0,
	1,
	27,
	27,
	0,
	0,
	0,
	0,
	"ba5eda7a-def5-0000-0000-000000000002",
	"6b0c6e86-7e72-4b84-8a77-9f61658ae026");
INSERT INTO V_LIN
	VALUES ("137d7ed9-1912-491c-93e2-1c4e42ac8bff",
	'0');
INSERT INTO V_PAR
	VALUES ("137d7ed9-1912-491c-93e2-1c4e42ac8bff",
	"bec39fe6-75de-4074-9fd0-24f78431942a",
	"00000000-0000-0000-0000-000000000000",
	'x',
	"a1fa5f32-fd39-4122-83c1-fd209fc4dbb9",
	1,
	25);
INSERT INTO V_VAL
	VALUES ("a1fa5f32-fd39-4122-83c1-fd209fc4dbb9",
	0,
	0,
	1,
	32,
	32,
	0,
	0,
	0,
	0,
	"ba5eda7a-def5-0000-0000-000000000002",
	"6b0c6e86-7e72-4b84-8a77-9f61658ae026");
INSERT INTO V_LIN
	VALUES ("a1fa5f32-fd39-4122-83c1-fd209fc4dbb9",
	'0');
INSERT INTO V_PAR
	VALUES ("a1fa5f32-fd39-4122-83c1-fd209fc4dbb9",
	"bec39fe6-75de-4074-9fd0-24f78431942a",
	"00000000-0000-0000-0000-000000000000",
	'y',
	"95696692-1066-4a62-a8b2-d435aa4d70f6",
	1,
	30);
INSERT INTO V_VAL
	VALUES ("95696692-1066-4a62-a8b2-d435aa4d70f6",
	0,
	0,
	1,
	37,
	37,
	0,
	0,
	0,
	0,
	"ba5eda7a-def5-0000-0000-000000000002",
	"6b0c6e86-7e72-4b84-8a77-9f61658ae026");
INSERT INTO V_LIN
	VALUES ("95696692-1066-4a62-a8b2-d435aa4d70f6",
	'5');
INSERT INTO V_PAR
	VALUES ("95696692-1066-4a62-a8b2-d435aa4d70f6",
	"bec39fe6-75de-4074-9fd0-24f78431942a",
	"00000000-0000-0000-0000-000000000000",
	'z',
	"00000000-0000-0000-0000-000000000000",
	1,
	35);
INSERT INTO V_VAL
	VALUES ("3f703f16-be7d-49c9-9b4e-8c4ac14d697b",
	0,
	0,
	2,
	29,
	29,
	0,
	0,
	0,
	0,
	"ba5eda7a-def5-0000-0000-000000000002",
	"6b0c6e86-7e72-4b84-8a77-9f61658ae026");
INSERT INTO V_LIN
	VALUES ("3f703f16-be7d-49c9-9b4e-8c4ac14d697b",
	'0');
INSERT INTO V_PAR
	VALUES ("3f703f16-be7d-49c9-9b4e-8c4ac14d697b",
	"7f1f812c-0a9f-483a-b87d-479039db7aa8",
	"00000000-0000-0000-0000-000000000000",
	'heading',
	"00000000-0000-0000-0000-000000000000",
	2,
	21);
INSERT INTO SM_STATE
	VALUES ("a0f3203d-f8f9-4490-a9e1-dc1496abc2d1",
	"c0c74364-95af-42df-a665-9e2fd1a7f507",
	"00000000-0000-0000-0000-000000000000",
	'descent',
	9,
	0);
INSERT INTO SM_CH
	VALUES ("a0f3203d-f8f9-4490-a9e1-dc1496abc2d1",
	"26caf769-2f00-4ee1-8664-83ff862aa1c5",
	"c0c74364-95af-42df-a665-9e2fd1a7f507",
	"00000000-0000-0000-0000-000000000000",
	'');
INSERT INTO SM_SEME
	VALUES ("a0f3203d-f8f9-4490-a9e1-dc1496abc2d1",
	"26caf769-2f00-4ee1-8664-83ff862aa1c5",
	"c0c74364-95af-42df-a665-9e2fd1a7f507",
	"00000000-0000-0000-0000-000000000000");
INSERT INTO SM_CH
	VALUES ("a0f3203d-f8f9-4490-a9e1-dc1496abc2d1",
	"b8dcfa69-53b7-440a-8ceb-a235f197459c",
	"c0c74364-95af-42df-a665-9e2fd1a7f507",
	"00000000-0000-0000-0000-000000000000",
	'');
INSERT INTO SM_SEME
	VALUES ("a0f3203d-f8f9-4490-a9e1-dc1496abc2d1",
	"b8dcfa69-53b7-440a-8ceb-a235f197459c",
	"c0c74364-95af-42df-a665-9e2fd1a7f507",
	"00000000-0000-0000-0000-000000000000");
INSERT INTO SM_SEME
	VALUES ("a0f3203d-f8f9-4490-a9e1-dc1496abc2d1",
	"19049758-7bec-42d7-86f4-c2e578e190fe",
	"c0c74364-95af-42df-a665-9e2fd1a7f507",
	"00000000-0000-0000-0000-000000000000");
INSERT INTO SM_CH
	VALUES ("a0f3203d-f8f9-4490-a9e1-dc1496abc2d1",
	"745fd2c0-612e-424d-adf8-4c51f45202c2",
	"c0c74364-95af-42df-a665-9e2fd1a7f507",
	"00000000-0000-0000-0000-000000000000",
	'');
INSERT INTO SM_SEME
	VALUES ("a0f3203d-f8f9-4490-a9e1-dc1496abc2d1",
	"745fd2c0-612e-424d-adf8-4c51f45202c2",
	"c0c74364-95af-42df-a665-9e2fd1a7f507",
	"00000000-0000-0000-0000-000000000000");
INSERT INTO SM_SEME
	VALUES ("a0f3203d-f8f9-4490-a9e1-dc1496abc2d1",
	"be11292f-bb73-481b-9a0b-99b48b765d7b",
	"c0c74364-95af-42df-a665-9e2fd1a7f507",
	"00000000-0000-0000-0000-000000000000");
INSERT INTO SM_MOAH
	VALUES ("902667b0-e9fa-4a28-8a93-a3bb4000489e",
	"c0c74364-95af-42df-a665-9e2fd1a7f507",
	"a0f3203d-f8f9-4490-a9e1-dc1496abc2d1");
INSERT INTO SM_AH
	VALUES ("902667b0-e9fa-4a28-8a93-a3bb4000489e",
	"c0c74364-95af-42df-a665-9e2fd1a7f507");
INSERT INTO SM_ACT
	VALUES ("902667b0-e9fa-4a28-8a93-a3bb4000489e",
	"c0c74364-95af-42df-a665-9e2fd1a7f507",
	1,
	'Port1::set_destination( x:11, y:-21, z:1 );
Port1::set_heading( heading:0 );',
	'',
	0);
INSERT INTO ACT_SAB
	VALUES ("b2edc12e-b157-481e-ac8b-0d39e7f184bd",
	"c0c74364-95af-42df-a665-9e2fd1a7f507",
	"902667b0-e9fa-4a28-8a93-a3bb4000489e");
INSERT INTO ACT_ACT
	VALUES ("b2edc12e-b157-481e-ac8b-0d39e7f184bd",
	'state',
	0,
	"134516b7-4522-4e41-a6b0-4d572506ac43",
	"00000000-0000-0000-0000-000000000000",
	0,
	'Controller::descent',
	"00000000-0000-0000-0000-000000000000");
INSERT INTO ACT_BLK
	VALUES ("134516b7-4522-4e41-a6b0-4d572506ac43",
	0,
	0,
	0,
	'Port1',
	'',
	'',
	2,
	1,
	2,
	1,
	0,
	0,
	0,
	0,
	0,
	0,
	0,
	0,
	0,
	"b2edc12e-b157-481e-ac8b-0d39e7f184bd",
	"00000000-0000-0000-0000-000000000000");
INSERT INTO ACT_SMT
	VALUES ("70d173ce-2c08-4ef9-bc43-0fdc24d96abc",
	"134516b7-4522-4e41-a6b0-4d572506ac43",
	"545f9aff-2e1b-4270-85c9-231c7aceb2cf",
	1,
	1,
	'Controller::descent line: 1');
INSERT INTO ACT_IOP
	VALUES ("70d173ce-2c08-4ef9-bc43-0fdc24d96abc",
	1,
	8,
	1,
	1,
	"00000000-0000-0000-0000-000000000000",
	"0b7b0648-980a-4657-9783-453131e6af11",
	"00000000-0000-0000-0000-000000000000");
INSERT INTO ACT_SMT
	VALUES ("545f9aff-2e1b-4270-85c9-231c7aceb2cf",
	"134516b7-4522-4e41-a6b0-4d572506ac43",
	"00000000-0000-0000-0000-000000000000",
	2,
	1,
	'Controller::descent line: 2');
INSERT INTO ACT_IOP
	VALUES ("545f9aff-2e1b-4270-85c9-231c7aceb2cf",
	2,
	8,
	2,
	1,
	"00000000-0000-0000-0000-000000000000",
	"55afac66-d149-4d24-9466-0c4a6f48dcf5",
	"00000000-0000-0000-0000-000000000000");
INSERT INTO V_VAL
	VALUES ("ea35e4df-a107-4acf-af9a-1a8f49747e52",
	0,
	0,
	1,
	27,
	28,
	0,
	0,
	0,
	0,
	"ba5eda7a-def5-0000-0000-000000000002",
	"134516b7-4522-4e41-a6b0-4d572506ac43");
INSERT INTO V_LIN
	VALUES ("ea35e4df-a107-4acf-af9a-1a8f49747e52",
	'11');
INSERT INTO V_PAR
	VALUES ("ea35e4df-a107-4acf-af9a-1a8f49747e52",
	"70d173ce-2c08-4ef9-bc43-0fdc24d96abc",
	"00000000-0000-0000-0000-000000000000",
	'x',
	"6b96b247-b875-473e-8ef3-5d73d25727d9",
	1,
	25);
INSERT INTO V_VAL
	VALUES ("6b96b247-b875-473e-8ef3-5d73d25727d9",
	0,
	0,
	-1,
	-1,
	-1,
	0,
	0,
	0,
	0,
	"ba5eda7a-def5-0000-0000-000000000002",
	"134516b7-4522-4e41-a6b0-4d572506ac43");
INSERT INTO V_UNY
	VALUES ("6b96b247-b875-473e-8ef3-5d73d25727d9",
	"56b61537-06b6-4cff-8176-4a51302fe6b8",
	'-');
INSERT INTO V_PAR
	VALUES ("6b96b247-b875-473e-8ef3-5d73d25727d9",
	"70d173ce-2c08-4ef9-bc43-0fdc24d96abc",
	"00000000-0000-0000-0000-000000000000",
	'y',
	"c1290cd0-56c8-4401-bf14-3815e636352c",
	1,
	31);
INSERT INTO V_VAL
	VALUES ("56b61537-06b6-4cff-8176-4a51302fe6b8",
	0,
	0,
	1,
	34,
	35,
	0,
	0,
	0,
	0,
	"ba5eda7a-def5-0000-0000-000000000002",
	"134516b7-4522-4e41-a6b0-4d572506ac43");
INSERT INTO V_LIN
	VALUES ("56b61537-06b6-4cff-8176-4a51302fe6b8",
	'21');
INSERT INTO V_VAL
	VALUES ("c1290cd0-56c8-4401-bf14-3815e636352c",
	0,
	0,
	1,
	40,
	40,
	0,
	0,
	0,
	0,
	"ba5eda7a-def5-0000-0000-000000000002",
	"134516b7-4522-4e41-a6b0-4d572506ac43");
INSERT INTO V_LIN
	VALUES ("c1290cd0-56c8-4401-bf14-3815e636352c",
	'1');
INSERT INTO V_PAR
	VALUES ("c1290cd0-56c8-4401-bf14-3815e636352c",
	"70d173ce-2c08-4ef9-bc43-0fdc24d96abc",
	"00000000-0000-0000-0000-000000000000",
	'z',
	"00000000-0000-0000-0000-000000000000",
	1,
	38);
INSERT INTO V_VAL
	VALUES ("74ba5e87-4c45-48e8-89c1-02956164d2d8",
	0,
	0,
	2,
	29,
	29,
	0,
	0,
	0,
	0,
	"ba5eda7a-def5-0000-0000-000000000002",
	"134516b7-4522-4e41-a6b0-4d572506ac43");
INSERT INTO V_LIN
	VALUES ("74ba5e87-4c45-48e8-89c1-02956164d2d8",
	'0');
INSERT INTO V_PAR
	VALUES ("74ba5e87-4c45-48e8-89c1-02956164d2d8",
	"545f9aff-2e1b-4270-85c9-231c7aceb2cf",
	"00000000-0000-0000-0000-000000000000",
	'heading',
	"00000000-0000-0000-0000-000000000000",
	2,
	21);
INSERT INTO SM_STATE
	VALUES ("a55f52a3-ec43-45f5-a042-ec2e21420cfc",
	"c0c74364-95af-42df-a665-9e2fd1a7f507",
	"00000000-0000-0000-0000-000000000000",
	'rise',
	10,
	0);
INSERT INTO SM_CH
	VALUES ("a55f52a3-ec43-45f5-a042-ec2e21420cfc",
	"26caf769-2f00-4ee1-8664-83ff862aa1c5",
	"c0c74364-95af-42df-a665-9e2fd1a7f507",
	"00000000-0000-0000-0000-000000000000",
	'');
INSERT INTO SM_SEME
	VALUES ("a55f52a3-ec43-45f5-a042-ec2e21420cfc",
	"26caf769-2f00-4ee1-8664-83ff862aa1c5",
	"c0c74364-95af-42df-a665-9e2fd1a7f507",
	"00000000-0000-0000-0000-000000000000");
INSERT INTO SM_SEME
	VALUES ("a55f52a3-ec43-45f5-a042-ec2e21420cfc",
	"b8dcfa69-53b7-440a-8ceb-a235f197459c",
	"c0c74364-95af-42df-a665-9e2fd1a7f507",
	"00000000-0000-0000-0000-000000000000");
INSERT INTO SM_SEME
	VALUES ("a55f52a3-ec43-45f5-a042-ec2e21420cfc",
	"19049758-7bec-42d7-86f4-c2e578e190fe",
	"c0c74364-95af-42df-a665-9e2fd1a7f507",
	"00000000-0000-0000-0000-000000000000");
INSERT INTO SM_CH
	VALUES ("a55f52a3-ec43-45f5-a042-ec2e21420cfc",
	"745fd2c0-612e-424d-adf8-4c51f45202c2",
	"c0c74364-95af-42df-a665-9e2fd1a7f507",
	"00000000-0000-0000-0000-000000000000",
	'');
INSERT INTO SM_SEME
	VALUES ("a55f52a3-ec43-45f5-a042-ec2e21420cfc",
	"745fd2c0-612e-424d-adf8-4c51f45202c2",
	"c0c74364-95af-42df-a665-9e2fd1a7f507",
	"00000000-0000-0000-0000-000000000000");
INSERT INTO SM_CH
	VALUES ("a55f52a3-ec43-45f5-a042-ec2e21420cfc",
	"be11292f-bb73-481b-9a0b-99b48b765d7b",
	"c0c74364-95af-42df-a665-9e2fd1a7f507",
	"00000000-0000-0000-0000-000000000000",
	'');
INSERT INTO SM_SEME
	VALUES ("a55f52a3-ec43-45f5-a042-ec2e21420cfc",
	"be11292f-bb73-481b-9a0b-99b48b765d7b",
	"c0c74364-95af-42df-a665-9e2fd1a7f507",
	"00000000-0000-0000-0000-000000000000");
INSERT INTO SM_MOAH
	VALUES ("fc13e23d-073b-4b5a-8c1b-4ebe29459b03",
	"c0c74364-95af-42df-a665-9e2fd1a7f507",
	"a55f52a3-ec43-45f5-a042-ec2e21420cfc");
INSERT INTO SM_AH
	VALUES ("fc13e23d-073b-4b5a-8c1b-4ebe29459b03",
	"c0c74364-95af-42df-a665-9e2fd1a7f507");
INSERT INTO SM_ACT
	VALUES ("fc13e23d-073b-4b5a-8c1b-4ebe29459b03",
	"c0c74364-95af-42df-a665-9e2fd1a7f507",
	1,
	'Port1::set_destination( x:9, y:-19, z:5 );
Port1::set_heading( heading:0 );',
	'',
	0);
INSERT INTO ACT_SAB
	VALUES ("04a16a08-dc1e-4e9f-a36f-ff7d71c57efd",
	"c0c74364-95af-42df-a665-9e2fd1a7f507",
	"fc13e23d-073b-4b5a-8c1b-4ebe29459b03");
INSERT INTO ACT_ACT
	VALUES ("04a16a08-dc1e-4e9f-a36f-ff7d71c57efd",
	'state',
	0,
	"ead8b1c3-a53c-4ffb-89ba-b117fc50d51b",
	"00000000-0000-0000-0000-000000000000",
	0,
	'Controller::rise',
	"00000000-0000-0000-0000-000000000000");
INSERT INTO ACT_BLK
	VALUES ("ead8b1c3-a53c-4ffb-89ba-b117fc50d51b",
	0,
	0,
	0,
	'Port1',
	'',
	'',
	2,
	1,
	2,
	1,
	0,
	0,
	0,
	0,
	0,
	0,
	0,
	0,
	0,
	"04a16a08-dc1e-4e9f-a36f-ff7d71c57efd",
	"00000000-0000-0000-0000-000000000000");
INSERT INTO ACT_SMT
	VALUES ("6beb3155-c950-422e-9934-64e64b476ddc",
	"ead8b1c3-a53c-4ffb-89ba-b117fc50d51b",
	"4c2092b9-9f3e-48c2-ba03-05074510683d",
	1,
	1,
	'Controller::rise line: 1');
INSERT INTO ACT_IOP
	VALUES ("6beb3155-c950-422e-9934-64e64b476ddc",
	1,
	8,
	1,
	1,
	"00000000-0000-0000-0000-000000000000",
	"0b7b0648-980a-4657-9783-453131e6af11",
	"00000000-0000-0000-0000-000000000000");
INSERT INTO ACT_SMT
	VALUES ("4c2092b9-9f3e-48c2-ba03-05074510683d",
	"ead8b1c3-a53c-4ffb-89ba-b117fc50d51b",
	"00000000-0000-0000-0000-000000000000",
	2,
	1,
	'Controller::rise line: 2');
INSERT INTO ACT_IOP
	VALUES ("4c2092b9-9f3e-48c2-ba03-05074510683d",
	2,
	8,
	2,
	1,
	"00000000-0000-0000-0000-000000000000",
	"55afac66-d149-4d24-9466-0c4a6f48dcf5",
	"00000000-0000-0000-0000-000000000000");
INSERT INTO V_VAL
	VALUES ("1d274b9c-4933-4334-aac9-845d4b73ab5a",
	0,
	0,
	1,
	27,
	27,
	0,
	0,
	0,
	0,
	"ba5eda7a-def5-0000-0000-000000000002",
	"ead8b1c3-a53c-4ffb-89ba-b117fc50d51b");
INSERT INTO V_LIN
	VALUES ("1d274b9c-4933-4334-aac9-845d4b73ab5a",
	'9');
INSERT INTO V_PAR
	VALUES ("1d274b9c-4933-4334-aac9-845d4b73ab5a",
	"6beb3155-c950-422e-9934-64e64b476ddc",
	"00000000-0000-0000-0000-000000000000",
	'x',
	"6081cf8c-53db-45a5-98bd-fb634d43a6d6",
	1,
	25);
INSERT INTO V_VAL
	VALUES ("6081cf8c-53db-45a5-98bd-fb634d43a6d6",
	0,
	0,
	-1,
	-1,
	-1,
	0,
	0,
	0,
	0,
	"ba5eda7a-def5-0000-0000-000000000002",
	"ead8b1c3-a53c-4ffb-89ba-b117fc50d51b");
INSERT INTO V_UNY
	VALUES ("6081cf8c-53db-45a5-98bd-fb634d43a6d6",
	"80c51689-e652-4385-b9d6-e7eb63d43018",
	'-');
INSERT INTO V_PAR
	VALUES ("6081cf8c-53db-45a5-98bd-fb634d43a6d6",
	"6beb3155-c950-422e-9934-64e64b476ddc",
	"00000000-0000-0000-0000-000000000000",
	'y',
	"f8689424-98af-4d1f-92c2-266f3615799d",
	1,
	30);
INSERT INTO V_VAL
	VALUES ("80c51689-e652-4385-b9d6-e7eb63d43018",
	0,
	0,
	1,
	33,
	34,
	0,
	0,
	0,
	0,
	"ba5eda7a-def5-0000-0000-000000000002",
	"ead8b1c3-a53c-4ffb-89ba-b117fc50d51b");
INSERT INTO V_LIN
	VALUES ("80c51689-e652-4385-b9d6-e7eb63d43018",
	'19');
INSERT INTO V_VAL
	VALUES ("f8689424-98af-4d1f-92c2-266f3615799d",
	0,
	0,
	1,
	39,
	39,
	0,
	0,
	0,
	0,
	"ba5eda7a-def5-0000-0000-000000000002",
	"ead8b1c3-a53c-4ffb-89ba-b117fc50d51b");
INSERT INTO V_LIN
	VALUES ("f8689424-98af-4d1f-92c2-266f3615799d",
	'5');
INSERT INTO V_PAR
	VALUES ("f8689424-98af-4d1f-92c2-266f3615799d",
	"6beb3155-c950-422e-9934-64e64b476ddc",
	"00000000-0000-0000-0000-000000000000",
	'z',
	"00000000-0000-0000-0000-000000000000",
	1,
	37);
INSERT INTO V_VAL
	VALUES ("2854cc5a-0ced-4c28-a78b-bbf2f60592d7",
	0,
	0,
	2,
	29,
	29,
	0,
	0,
	0,
	0,
	"ba5eda7a-def5-0000-0000-000000000002",
	"ead8b1c3-a53c-4ffb-89ba-b117fc50d51b");
INSERT INTO V_LIN
	VALUES ("2854cc5a-0ced-4c28-a78b-bbf2f60592d7",
	'0');
INSERT INTO V_PAR
	VALUES ("2854cc5a-0ced-4c28-a78b-bbf2f60592d7",
	"4c2092b9-9f3e-48c2-ba03-05074510683d",
	"00000000-0000-0000-0000-000000000000",
	'heading',
	"00000000-0000-0000-0000-000000000000",
	2,
	21);
INSERT INTO SM_STATE
	VALUES ("9d674dc6-e2b4-4027-93fb-4e84e9b53820",
	"c0c74364-95af-42df-a665-9e2fd1a7f507",
	"00000000-0000-0000-0000-000000000000",
	'home',
	11,
	0);
INSERT INTO SM_CH
	VALUES ("9d674dc6-e2b4-4027-93fb-4e84e9b53820",
	"26caf769-2f00-4ee1-8664-83ff862aa1c5",
	"c0c74364-95af-42df-a665-9e2fd1a7f507",
	"00000000-0000-0000-0000-000000000000",
	'');
INSERT INTO SM_SEME
	VALUES ("9d674dc6-e2b4-4027-93fb-4e84e9b53820",
	"26caf769-2f00-4ee1-8664-83ff862aa1c5",
	"c0c74364-95af-42df-a665-9e2fd1a7f507",
	"00000000-0000-0000-0000-000000000000");
INSERT INTO SM_CH
	VALUES ("9d674dc6-e2b4-4027-93fb-4e84e9b53820",
	"b8dcfa69-53b7-440a-8ceb-a235f197459c",
	"c0c74364-95af-42df-a665-9e2fd1a7f507",
	"00000000-0000-0000-0000-000000000000",
	'');
INSERT INTO SM_SEME
	VALUES ("9d674dc6-e2b4-4027-93fb-4e84e9b53820",
	"b8dcfa69-53b7-440a-8ceb-a235f197459c",
	"c0c74364-95af-42df-a665-9e2fd1a7f507",
	"00000000-0000-0000-0000-000000000000");
INSERT INTO SM_SEME
	VALUES ("9d674dc6-e2b4-4027-93fb-4e84e9b53820",
	"19049758-7bec-42d7-86f4-c2e578e190fe",
	"c0c74364-95af-42df-a665-9e2fd1a7f507",
	"00000000-0000-0000-0000-000000000000");
INSERT INTO SM_CH
	VALUES ("9d674dc6-e2b4-4027-93fb-4e84e9b53820",
	"745fd2c0-612e-424d-adf8-4c51f45202c2",
	"c0c74364-95af-42df-a665-9e2fd1a7f507",
	"00000000-0000-0000-0000-000000000000",
	'');
INSERT INTO SM_SEME
	VALUES ("9d674dc6-e2b4-4027-93fb-4e84e9b53820",
	"745fd2c0-612e-424d-adf8-4c51f45202c2",
	"c0c74364-95af-42df-a665-9e2fd1a7f507",
	"00000000-0000-0000-0000-000000000000");
INSERT INTO SM_CH
	VALUES ("9d674dc6-e2b4-4027-93fb-4e84e9b53820",
	"be11292f-bb73-481b-9a0b-99b48b765d7b",
	"c0c74364-95af-42df-a665-9e2fd1a7f507",
	"00000000-0000-0000-0000-000000000000",
	'');
INSERT INTO SM_SEME
	VALUES ("9d674dc6-e2b4-4027-93fb-4e84e9b53820",
	"be11292f-bb73-481b-9a0b-99b48b765d7b",
	"c0c74364-95af-42df-a665-9e2fd1a7f507",
	"00000000-0000-0000-0000-000000000000");
INSERT INTO SM_MOAH
	VALUES ("bfab2ef3-9134-4b5c-950a-24c7fd11ad30",
	"c0c74364-95af-42df-a665-9e2fd1a7f507",
	"9d674dc6-e2b4-4027-93fb-4e84e9b53820");
INSERT INTO SM_AH
	VALUES ("bfab2ef3-9134-4b5c-950a-24c7fd11ad30",
	"c0c74364-95af-42df-a665-9e2fd1a7f507");
INSERT INTO SM_ACT
	VALUES ("bfab2ef3-9134-4b5c-950a-24c7fd11ad30",
	"c0c74364-95af-42df-a665-9e2fd1a7f507",
	1,
	'Port1::takeoff( alt:1 );
Port1::set_heading( heading:0 );',
	'',
	0);
INSERT INTO ACT_SAB
	VALUES ("407a920f-7760-4d85-93fb-5194a366ceb7",
	"c0c74364-95af-42df-a665-9e2fd1a7f507",
	"bfab2ef3-9134-4b5c-950a-24c7fd11ad30");
INSERT INTO ACT_ACT
	VALUES ("407a920f-7760-4d85-93fb-5194a366ceb7",
	'state',
	0,
	"0c68f4e5-f25d-426f-be88-e8d112ec483c",
	"00000000-0000-0000-0000-000000000000",
	0,
	'Controller::home',
	"00000000-0000-0000-0000-000000000000");
INSERT INTO ACT_BLK
	VALUES ("0c68f4e5-f25d-426f-be88-e8d112ec483c",
	0,
	0,
	0,
	'Port1',
	'',
	'',
	2,
	1,
	2,
	1,
	0,
	0,
	0,
	0,
	0,
	0,
	0,
	0,
	0,
	"407a920f-7760-4d85-93fb-5194a366ceb7",
	"00000000-0000-0000-0000-000000000000");
INSERT INTO ACT_SMT
	VALUES ("b3acbb99-846e-4708-924e-6ca40016ed57",
	"0c68f4e5-f25d-426f-be88-e8d112ec483c",
	"54f4bd44-1517-490e-94dd-458b3cb8f1a0",
	1,
	1,
	'Controller::home line: 1');
INSERT INTO ACT_IOP
	VALUES ("b3acbb99-846e-4708-924e-6ca40016ed57",
	1,
	8,
	1,
	1,
	"00000000-0000-0000-0000-000000000000",
	"786f401b-dc06-4f89-95d6-805158b17282",
	"00000000-0000-0000-0000-000000000000");
INSERT INTO ACT_SMT
	VALUES ("54f4bd44-1517-490e-94dd-458b3cb8f1a0",
	"0c68f4e5-f25d-426f-be88-e8d112ec483c",
	"00000000-0000-0000-0000-000000000000",
	2,
	1,
	'Controller::home line: 2');
INSERT INTO ACT_IOP
	VALUES ("54f4bd44-1517-490e-94dd-458b3cb8f1a0",
	2,
	8,
	2,
	1,
	"00000000-0000-0000-0000-000000000000",
	"55afac66-d149-4d24-9466-0c4a6f48dcf5",
	"00000000-0000-0000-0000-000000000000");
INSERT INTO V_VAL
	VALUES ("ff925d57-354f-4a9d-b268-6c15668c96bb",
	0,
	0,
	1,
	21,
	21,
	0,
	0,
	0,
	0,
	"ba5eda7a-def5-0000-0000-000000000002",
	"0c68f4e5-f25d-426f-be88-e8d112ec483c");
INSERT INTO V_LIN
	VALUES ("ff925d57-354f-4a9d-b268-6c15668c96bb",
	'1');
INSERT INTO V_PAR
	VALUES ("ff925d57-354f-4a9d-b268-6c15668c96bb",
	"b3acbb99-846e-4708-924e-6ca40016ed57",
	"00000000-0000-0000-0000-000000000000",
	'alt',
	"00000000-0000-0000-0000-000000000000",
	1,
	17);
INSERT INTO V_VAL
	VALUES ("1979641f-fd89-4865-97b9-c6a56ed90c76",
	0,
	0,
	2,
	29,
	29,
	0,
	0,
	0,
	0,
	"ba5eda7a-def5-0000-0000-000000000002",
	"0c68f4e5-f25d-426f-be88-e8d112ec483c");
INSERT INTO V_LIN
	VALUES ("1979641f-fd89-4865-97b9-c6a56ed90c76",
	'0');
INSERT INTO V_PAR
	VALUES ("1979641f-fd89-4865-97b9-c6a56ed90c76",
	"54f4bd44-1517-490e-94dd-458b3cb8f1a0",
	"00000000-0000-0000-0000-000000000000",
	'heading',
	"00000000-0000-0000-0000-000000000000",
	2,
	21);
INSERT INTO SM_NSTXN
	VALUES ("304b97dd-6424-4d26-94be-1465200d78b2",
	"c0c74364-95af-42df-a665-9e2fd1a7f507",
	"85df3401-39cd-4f4a-97c2-022cb716f112",
	"b8dcfa69-53b7-440a-8ceb-a235f197459c",
	"00000000-0000-0000-0000-000000000000");
INSERT INTO SM_TAH
	VALUES ("4c43e349-70ae-4b21-ad60-9de92c862dbb",
	"c0c74364-95af-42df-a665-9e2fd1a7f507",
	"304b97dd-6424-4d26-94be-1465200d78b2");
INSERT INTO SM_AH
	VALUES ("4c43e349-70ae-4b21-ad60-9de92c862dbb",
	"c0c74364-95af-42df-a665-9e2fd1a7f507");
INSERT INTO SM_ACT
	VALUES ("4c43e349-70ae-4b21-ad60-9de92c862dbb",
	"c0c74364-95af-42df-a665-9e2fd1a7f507",
	1,
	'',
	'',
	0);
INSERT INTO ACT_TAB
	VALUES ("4cc4f889-4ea7-4c99-84e0-1382ba6343ae",
	"c0c74364-95af-42df-a665-9e2fd1a7f507",
	"4c43e349-70ae-4b21-ad60-9de92c862dbb");
INSERT INTO ACT_ACT
	VALUES ("4cc4f889-4ea7-4c99-84e0-1382ba6343ae",
	'transition',
	0,
	"65fd60d9-1146-4e7f-b164-f3cad3b0c05c",
	"00000000-0000-0000-0000-000000000000",
	0,
	'Controller2: ready',
	"00000000-0000-0000-0000-000000000000");
INSERT INTO ACT_BLK
	VALUES ("65fd60d9-1146-4e7f-b164-f3cad3b0c05c",
	0,
	0,
	0,
	'',
	'',
	'',
	0,
	0,
	0,
	0,
	0,
	0,
	0,
	0,
	0,
	0,
	0,
	0,
	0,
	"4cc4f889-4ea7-4c99-84e0-1382ba6343ae",
	"00000000-0000-0000-0000-000000000000");
INSERT INTO SM_TXN
	VALUES ("304b97dd-6424-4d26-94be-1465200d78b2",
	"c0c74364-95af-42df-a665-9e2fd1a7f507",
	"c5910dfe-bc1b-444e-93f4-4de247c52efd",
	"00000000-0000-0000-0000-000000000000");
INSERT INTO SM_NSTXN
	VALUES ("8d96b2d7-e9f4-4850-8ab1-1556ae41fa35",
	"c0c74364-95af-42df-a665-9e2fd1a7f507",
	"85df3401-39cd-4f4a-97c2-022cb716f112",
	"19049758-7bec-42d7-86f4-c2e578e190fe",
	"00000000-0000-0000-0000-000000000000");
INSERT INTO SM_TAH
	VALUES ("d69ce8a0-14b6-4066-b9de-1d513683c550",
	"c0c74364-95af-42df-a665-9e2fd1a7f507",
	"8d96b2d7-e9f4-4850-8ab1-1556ae41fa35");
INSERT INTO SM_AH
	VALUES ("d69ce8a0-14b6-4066-b9de-1d513683c550",
	"c0c74364-95af-42df-a665-9e2fd1a7f507");
INSERT INTO SM_ACT
	VALUES ("d69ce8a0-14b6-4066-b9de-1d513683c550",
	"c0c74364-95af-42df-a665-9e2fd1a7f507",
	1,
	'',
	'',
	0);
INSERT INTO ACT_TAB
	VALUES ("25d38746-d467-4a86-a166-1d765ec2acaf",
	"c0c74364-95af-42df-a665-9e2fd1a7f507",
	"d69ce8a0-14b6-4066-b9de-1d513683c550");
INSERT INTO ACT_ACT
	VALUES ("25d38746-d467-4a86-a166-1d765ec2acaf",
	'transition',
	0,
	"693b7510-e71c-42d0-8983-c9decd3ccf57",
	"00000000-0000-0000-0000-000000000000",
	0,
	'Controller3: halt',
	"00000000-0000-0000-0000-000000000000");
INSERT INTO ACT_BLK
	VALUES ("693b7510-e71c-42d0-8983-c9decd3ccf57",
	0,
	0,
	0,
	'',
	'',
	'',
	0,
	0,
	0,
	0,
	0,
	0,
	0,
	0,
	0,
	0,
	0,
	0,
	0,
	"25d38746-d467-4a86-a166-1d765ec2acaf",
	"00000000-0000-0000-0000-000000000000");
INSERT INTO SM_TXN
	VALUES ("8d96b2d7-e9f4-4850-8ab1-1556ae41fa35",
	"c0c74364-95af-42df-a665-9e2fd1a7f507",
	"4333ab45-486d-4d01-8816-bc0a96a5f5ac",
	"00000000-0000-0000-0000-000000000000");
INSERT INTO SM_NSTXN
	VALUES ("1afd5f3d-f9ea-4cc2-8eee-097331b40812",
	"c0c74364-95af-42df-a665-9e2fd1a7f507",
	"a55f52a3-ec43-45f5-a042-ec2e21420cfc",
	"b8dcfa69-53b7-440a-8ceb-a235f197459c",
	"00000000-0000-0000-0000-000000000000");
INSERT INTO SM_TAH
	VALUES ("91f84237-2224-4331-b221-62459b388ab0",
	"c0c74364-95af-42df-a665-9e2fd1a7f507",
	"1afd5f3d-f9ea-4cc2-8eee-097331b40812");
INSERT INTO SM_AH
	VALUES ("91f84237-2224-4331-b221-62459b388ab0",
	"c0c74364-95af-42df-a665-9e2fd1a7f507");
INSERT INTO SM_ACT
	VALUES ("91f84237-2224-4331-b221-62459b388ab0",
	"c0c74364-95af-42df-a665-9e2fd1a7f507",
	1,
	'',
	'',
	0);
INSERT INTO ACT_TAB
	VALUES ("fcbe57a9-1325-4070-bbac-48e1e44f16ac",
	"c0c74364-95af-42df-a665-9e2fd1a7f507",
	"91f84237-2224-4331-b221-62459b388ab0");
INSERT INTO ACT_ACT
	VALUES ("fcbe57a9-1325-4070-bbac-48e1e44f16ac",
	'transition',
	0,
	"8cf9b26c-ae74-47d0-bfe2-fd4bf294428a",
	"00000000-0000-0000-0000-000000000000",
	0,
	'Controller2: ready',
	"00000000-0000-0000-0000-000000000000");
INSERT INTO ACT_BLK
	VALUES ("8cf9b26c-ae74-47d0-bfe2-fd4bf294428a",
	0,
	0,
	0,
	'',
	'',
	'',
	0,
	0,
	0,
	0,
	0,
	0,
	0,
	0,
	0,
	0,
	0,
	0,
	0,
	"fcbe57a9-1325-4070-bbac-48e1e44f16ac",
	"00000000-0000-0000-0000-000000000000");
INSERT INTO SM_TXN
	VALUES ("1afd5f3d-f9ea-4cc2-8eee-097331b40812",
	"c0c74364-95af-42df-a665-9e2fd1a7f507",
	"5f80c5de-187b-482e-8531-864ded5574af",
	"00000000-0000-0000-0000-000000000000");
INSERT INTO SM_NSTXN
	VALUES ("40107916-537e-46bf-b666-855e943eac67",
	"c0c74364-95af-42df-a665-9e2fd1a7f507",
	"15e942e7-32e8-45f2-8e55-3be337618dc3",
	"26caf769-2f00-4ee1-8664-83ff862aa1c5",
	"00000000-0000-0000-0000-000000000000");
INSERT INTO SM_TAH
	VALUES ("78d6ecc8-058e-4236-803a-ba19b69cbef8",
	"c0c74364-95af-42df-a665-9e2fd1a7f507",
	"40107916-537e-46bf-b666-855e943eac67");
INSERT INTO SM_AH
	VALUES ("78d6ecc8-058e-4236-803a-ba19b69cbef8",
	"c0c74364-95af-42df-a665-9e2fd1a7f507");
INSERT INTO SM_ACT
	VALUES ("78d6ecc8-058e-4236-803a-ba19b69cbef8",
	"c0c74364-95af-42df-a665-9e2fd1a7f507",
	1,
	'',
	'',
	0);
INSERT INTO ACT_TAB
	VALUES ("4e405cf2-53e0-4055-8ebc-1e02ea3af2c6",
	"c0c74364-95af-42df-a665-9e2fd1a7f507",
	"78d6ecc8-058e-4236-803a-ba19b69cbef8");
INSERT INTO ACT_ACT
	VALUES ("4e405cf2-53e0-4055-8ebc-1e02ea3af2c6",
	'transition',
	0,
	"cef614d5-f19d-40f0-98c9-5b90e4c82a4b",
	"00000000-0000-0000-0000-000000000000",
	0,
	'Controller1: start',
	"00000000-0000-0000-0000-000000000000");
INSERT INTO ACT_BLK
	VALUES ("cef614d5-f19d-40f0-98c9-5b90e4c82a4b",
	0,
	0,
	0,
	'',
	'',
	'',
	0,
	0,
	0,
	0,
	0,
	0,
	0,
	0,
	0,
	0,
	0,
	0,
	0,
	"4e405cf2-53e0-4055-8ebc-1e02ea3af2c6",
	"00000000-0000-0000-0000-000000000000");
INSERT INTO SM_TXN
	VALUES ("40107916-537e-46bf-b666-855e943eac67",
	"c0c74364-95af-42df-a665-9e2fd1a7f507",
	"85df3401-39cd-4f4a-97c2-022cb716f112",
	"00000000-0000-0000-0000-000000000000");
INSERT INTO SM_NSTXN
	VALUES ("a5bfba59-165d-4fba-955f-4ab7df771b1c",
	"c0c74364-95af-42df-a665-9e2fd1a7f507",
	"c5910dfe-bc1b-444e-93f4-4de247c52efd",
	"19049758-7bec-42d7-86f4-c2e578e190fe",
	"00000000-0000-0000-0000-000000000000");
INSERT INTO SM_TAH
	VALUES ("a4e36a98-c657-4e8a-b356-0fa18e432c16",
	"c0c74364-95af-42df-a665-9e2fd1a7f507",
	"a5bfba59-165d-4fba-955f-4ab7df771b1c");
INSERT INTO SM_AH
	VALUES ("a4e36a98-c657-4e8a-b356-0fa18e432c16",
	"c0c74364-95af-42df-a665-9e2fd1a7f507");
INSERT INTO SM_ACT
	VALUES ("a4e36a98-c657-4e8a-b356-0fa18e432c16",
	"c0c74364-95af-42df-a665-9e2fd1a7f507",
	1,
	'',
	'',
	0);
INSERT INTO ACT_TAB
	VALUES ("d7dbd22a-9669-4c9b-8cc0-a3b735bb50b2",
	"c0c74364-95af-42df-a665-9e2fd1a7f507",
	"a4e36a98-c657-4e8a-b356-0fa18e432c16");
INSERT INTO ACT_ACT
	VALUES ("d7dbd22a-9669-4c9b-8cc0-a3b735bb50b2",
	'transition',
	0,
	"9fe673b6-5c99-48ef-b8c8-28fed9141938",
	"00000000-0000-0000-0000-000000000000",
	0,
	'Controller3: halt',
	"00000000-0000-0000-0000-000000000000");
INSERT INTO ACT_BLK
	VALUES ("9fe673b6-5c99-48ef-b8c8-28fed9141938",
	0,
	0,
	0,
	'',
	'',
	'',
	0,
	0,
	0,
	0,
	0,
	0,
	0,
	0,
	0,
	0,
	0,
	0,
	0,
	"d7dbd22a-9669-4c9b-8cc0-a3b735bb50b2",
	"00000000-0000-0000-0000-000000000000");
INSERT INTO SM_TXN
	VALUES ("a5bfba59-165d-4fba-955f-4ab7df771b1c",
	"c0c74364-95af-42df-a665-9e2fd1a7f507",
	"4333ab45-486d-4d01-8816-bc0a96a5f5ac",
	"00000000-0000-0000-0000-000000000000");
INSERT INTO SM_NSTXN
	VALUES ("634810a6-9550-4096-af76-0bafb8d3bcc4",
	"c0c74364-95af-42df-a665-9e2fd1a7f507",
	"c5910dfe-bc1b-444e-93f4-4de247c52efd",
	"b8dcfa69-53b7-440a-8ceb-a235f197459c",
	"00000000-0000-0000-0000-000000000000");
INSERT INTO SM_TAH
	VALUES ("aa0693f4-1e26-487a-9d4b-61e9e4767336",
	"c0c74364-95af-42df-a665-9e2fd1a7f507",
	"634810a6-9550-4096-af76-0bafb8d3bcc4");
INSERT INTO SM_AH
	VALUES ("aa0693f4-1e26-487a-9d4b-61e9e4767336",
	"c0c74364-95af-42df-a665-9e2fd1a7f507");
INSERT INTO SM_ACT
	VALUES ("aa0693f4-1e26-487a-9d4b-61e9e4767336",
	"c0c74364-95af-42df-a665-9e2fd1a7f507",
	1,
	'',
	'',
	0);
INSERT INTO ACT_TAB
	VALUES ("7c610218-63bf-415c-a4cd-02966a4789a9",
	"c0c74364-95af-42df-a665-9e2fd1a7f507",
	"aa0693f4-1e26-487a-9d4b-61e9e4767336");
INSERT INTO ACT_ACT
	VALUES ("7c610218-63bf-415c-a4cd-02966a4789a9",
	'transition',
	0,
	"73e23010-00d8-40f4-b9d1-5d410e96a549",
	"00000000-0000-0000-0000-000000000000",
	0,
	'Controller2: ready',
	"00000000-0000-0000-0000-000000000000");
INSERT INTO ACT_BLK
	VALUES ("73e23010-00d8-40f4-b9d1-5d410e96a549",
	0,
	0,
	0,
	'',
	'',
	'',
	0,
	0,
	0,
	0,
	0,
	0,
	0,
	0,
	0,
	0,
	0,
	0,
	0,
	"7c610218-63bf-415c-a4cd-02966a4789a9",
	"00000000-0000-0000-0000-000000000000");
INSERT INTO SM_TXN
	VALUES ("634810a6-9550-4096-af76-0bafb8d3bcc4",
	"c0c74364-95af-42df-a665-9e2fd1a7f507",
	"04b9bcfb-6f7a-4733-b3a6-453ba796e3c4",
	"00000000-0000-0000-0000-000000000000");
INSERT INTO SM_NSTXN
	VALUES ("75b39e30-b6c4-4311-bb1a-45c1a62d59ed",
	"c0c74364-95af-42df-a665-9e2fd1a7f507",
	"04b9bcfb-6f7a-4733-b3a6-453ba796e3c4",
	"745fd2c0-612e-424d-adf8-4c51f45202c2",
	"00000000-0000-0000-0000-000000000000");
INSERT INTO SM_TAH
	VALUES ("50778f92-14bf-4c9b-a4d7-701e272ff297",
	"c0c74364-95af-42df-a665-9e2fd1a7f507",
	"75b39e30-b6c4-4311-bb1a-45c1a62d59ed");
INSERT INTO SM_AH
	VALUES ("50778f92-14bf-4c9b-a4d7-701e272ff297",
	"c0c74364-95af-42df-a665-9e2fd1a7f507");
INSERT INTO SM_ACT
	VALUES ("50778f92-14bf-4c9b-a4d7-701e272ff297",
	"c0c74364-95af-42df-a665-9e2fd1a7f507",
	1,
	'',
	'',
	0);
INSERT INTO ACT_TAB
	VALUES ("076e3042-7d31-47fa-a6b1-a8b830b90314",
	"c0c74364-95af-42df-a665-9e2fd1a7f507",
	"50778f92-14bf-4c9b-a4d7-701e272ff297");
INSERT INTO ACT_ACT
	VALUES ("076e3042-7d31-47fa-a6b1-a8b830b90314",
	'transition',
	0,
	"d02af64e-3d5d-4588-8a89-cb61aa0e5909",
	"00000000-0000-0000-0000-000000000000",
	0,
	'Controller4: Ddown',
	"00000000-0000-0000-0000-000000000000");
INSERT INTO ACT_BLK
	VALUES ("d02af64e-3d5d-4588-8a89-cb61aa0e5909",
	0,
	0,
	0,
	'',
	'',
	'',
	0,
	0,
	0,
	0,
	0,
	0,
	0,
	0,
	0,
	0,
	0,
	0,
	0,
	"076e3042-7d31-47fa-a6b1-a8b830b90314",
	"00000000-0000-0000-0000-000000000000");
INSERT INTO SM_TXN
	VALUES ("75b39e30-b6c4-4311-bb1a-45c1a62d59ed",
	"c0c74364-95af-42df-a665-9e2fd1a7f507",
	"a0f3203d-f8f9-4490-a9e1-dc1496abc2d1",
	"00000000-0000-0000-0000-000000000000");
INSERT INTO SM_NSTXN
	VALUES ("0e3c823b-4542-4672-a370-60744fef5bb9",
	"c0c74364-95af-42df-a665-9e2fd1a7f507",
	"a0f3203d-f8f9-4490-a9e1-dc1496abc2d1",
	"be11292f-bb73-481b-9a0b-99b48b765d7b",
	"00000000-0000-0000-0000-000000000000");
INSERT INTO SM_TAH
	VALUES ("b2f856d6-8133-40c6-b8c5-6f045ffc3569",
	"c0c74364-95af-42df-a665-9e2fd1a7f507",
	"0e3c823b-4542-4672-a370-60744fef5bb9");
INSERT INTO SM_AH
	VALUES ("b2f856d6-8133-40c6-b8c5-6f045ffc3569",
	"c0c74364-95af-42df-a665-9e2fd1a7f507");
INSERT INTO SM_ACT
	VALUES ("b2f856d6-8133-40c6-b8c5-6f045ffc3569",
	"c0c74364-95af-42df-a665-9e2fd1a7f507",
	1,
	'',
	'',
	0);
INSERT INTO ACT_TAB
	VALUES ("192748e1-4549-437e-b1e3-e07d8157724b",
	"c0c74364-95af-42df-a665-9e2fd1a7f507",
	"b2f856d6-8133-40c6-b8c5-6f045ffc3569");
INSERT INTO ACT_ACT
	VALUES ("192748e1-4549-437e-b1e3-e07d8157724b",
	'transition',
	0,
	"5e5a3449-f6e4-448b-ae42-4b818a9718b4",
	"00000000-0000-0000-0000-000000000000",
	0,
	'Controller5: Dup',
	"00000000-0000-0000-0000-000000000000");
INSERT INTO ACT_BLK
	VALUES ("5e5a3449-f6e4-448b-ae42-4b818a9718b4",
	0,
	0,
	0,
	'',
	'',
	'',
	0,
	0,
	0,
	0,
	0,
	0,
	0,
	0,
	0,
	0,
	0,
	0,
	0,
	"192748e1-4549-437e-b1e3-e07d8157724b",
	"00000000-0000-0000-0000-000000000000");
INSERT INTO SM_TXN
	VALUES ("0e3c823b-4542-4672-a370-60744fef5bb9",
	"c0c74364-95af-42df-a665-9e2fd1a7f507",
	"a55f52a3-ec43-45f5-a042-ec2e21420cfc",
	"00000000-0000-0000-0000-000000000000");
INSERT INTO SM_NSTXN
	VALUES ("bf336fa5-7497-4cdf-8142-0e3e5f01ee3c",
	"c0c74364-95af-42df-a665-9e2fd1a7f507",
	"04b9bcfb-6f7a-4733-b3a6-453ba796e3c4",
	"19049758-7bec-42d7-86f4-c2e578e190fe",
	"00000000-0000-0000-0000-000000000000");
INSERT INTO SM_TAH
	VALUES ("569803f6-0026-47be-9f9b-b7b304e43d16",
	"c0c74364-95af-42df-a665-9e2fd1a7f507",
	"bf336fa5-7497-4cdf-8142-0e3e5f01ee3c");
INSERT INTO SM_AH
	VALUES ("569803f6-0026-47be-9f9b-b7b304e43d16",
	"c0c74364-95af-42df-a665-9e2fd1a7f507");
INSERT INTO SM_ACT
	VALUES ("569803f6-0026-47be-9f9b-b7b304e43d16",
	"c0c74364-95af-42df-a665-9e2fd1a7f507",
	1,
	'',
	'',
	0);
INSERT INTO ACT_TAB
	VALUES ("ff5eeb8e-34fc-4c1e-aad0-b7b252fa7bc1",
	"c0c74364-95af-42df-a665-9e2fd1a7f507",
	"569803f6-0026-47be-9f9b-b7b304e43d16");
INSERT INTO ACT_ACT
	VALUES ("ff5eeb8e-34fc-4c1e-aad0-b7b252fa7bc1",
	'transition',
	0,
	"a5912cb6-0c41-433a-8882-0b27ad0e6e92",
	"00000000-0000-0000-0000-000000000000",
	0,
	'Controller3: halt',
	"00000000-0000-0000-0000-000000000000");
INSERT INTO ACT_BLK
	VALUES ("a5912cb6-0c41-433a-8882-0b27ad0e6e92",
	0,
	0,
	0,
	'',
	'',
	'',
	0,
	0,
	0,
	0,
	0,
	0,
	0,
	0,
	0,
	0,
	0,
	0,
	0,
	"ff5eeb8e-34fc-4c1e-aad0-b7b252fa7bc1",
	"00000000-0000-0000-0000-000000000000");
INSERT INTO SM_TXN
	VALUES ("bf336fa5-7497-4cdf-8142-0e3e5f01ee3c",
	"c0c74364-95af-42df-a665-9e2fd1a7f507",
	"4333ab45-486d-4d01-8816-bc0a96a5f5ac",
	"00000000-0000-0000-0000-000000000000");
INSERT INTO SM_NSTXN
	VALUES ("0b64b6a9-0551-46f8-8b94-e7aadde7d3e7",
	"c0c74364-95af-42df-a665-9e2fd1a7f507",
	"a0f3203d-f8f9-4490-a9e1-dc1496abc2d1",
	"19049758-7bec-42d7-86f4-c2e578e190fe",
	"00000000-0000-0000-0000-000000000000");
INSERT INTO SM_TAH
	VALUES ("0ff19b6a-ae13-4951-8485-ea3d1bef4ec6",
	"c0c74364-95af-42df-a665-9e2fd1a7f507",
	"0b64b6a9-0551-46f8-8b94-e7aadde7d3e7");
INSERT INTO SM_AH
	VALUES ("0ff19b6a-ae13-4951-8485-ea3d1bef4ec6",
	"c0c74364-95af-42df-a665-9e2fd1a7f507");
INSERT INTO SM_ACT
	VALUES ("0ff19b6a-ae13-4951-8485-ea3d1bef4ec6",
	"c0c74364-95af-42df-a665-9e2fd1a7f507",
	1,
	'',
	'',
	0);
INSERT INTO ACT_TAB
	VALUES ("4221e125-0dc6-4de4-bb6a-57c54cd37a55",
	"c0c74364-95af-42df-a665-9e2fd1a7f507",
	"0ff19b6a-ae13-4951-8485-ea3d1bef4ec6");
INSERT INTO ACT_ACT
	VALUES ("4221e125-0dc6-4de4-bb6a-57c54cd37a55",
	'transition',
	0,
	"517c3800-444b-4dc3-946e-44a187fe7486",
	"00000000-0000-0000-0000-000000000000",
	0,
	'Controller3: halt',
	"00000000-0000-0000-0000-000000000000");
INSERT INTO ACT_BLK
	VALUES ("517c3800-444b-4dc3-946e-44a187fe7486",
	0,
	0,
	0,
	'',
	'',
	'',
	0,
	0,
	0,
	0,
	0,
	0,
	0,
	0,
	0,
	0,
	0,
	0,
	0,
	"4221e125-0dc6-4de4-bb6a-57c54cd37a55",
	"00000000-0000-0000-0000-000000000000");
INSERT INTO SM_TXN
	VALUES ("0b64b6a9-0551-46f8-8b94-e7aadde7d3e7",
	"c0c74364-95af-42df-a665-9e2fd1a7f507",
	"4333ab45-486d-4d01-8816-bc0a96a5f5ac",
	"00000000-0000-0000-0000-000000000000");
INSERT INTO SM_NSTXN
	VALUES ("49b43281-8e89-4c9e-8c8e-05e078525fd1",
	"c0c74364-95af-42df-a665-9e2fd1a7f507",
	"a55f52a3-ec43-45f5-a042-ec2e21420cfc",
	"19049758-7bec-42d7-86f4-c2e578e190fe",
	"00000000-0000-0000-0000-000000000000");
INSERT INTO SM_TAH
	VALUES ("fb7cb247-78b2-4aaf-a43d-094945faaad2",
	"c0c74364-95af-42df-a665-9e2fd1a7f507",
	"49b43281-8e89-4c9e-8c8e-05e078525fd1");
INSERT INTO SM_AH
	VALUES ("fb7cb247-78b2-4aaf-a43d-094945faaad2",
	"c0c74364-95af-42df-a665-9e2fd1a7f507");
INSERT INTO SM_ACT
	VALUES ("fb7cb247-78b2-4aaf-a43d-094945faaad2",
	"c0c74364-95af-42df-a665-9e2fd1a7f507",
	1,
	'',
	'',
	0);
INSERT INTO ACT_TAB
	VALUES ("6a5bf56b-5dba-487c-8201-5062534d7fe4",
	"c0c74364-95af-42df-a665-9e2fd1a7f507",
	"fb7cb247-78b2-4aaf-a43d-094945faaad2");
INSERT INTO ACT_ACT
	VALUES ("6a5bf56b-5dba-487c-8201-5062534d7fe4",
	'transition',
	0,
	"a52b09ff-a9b0-4122-bc76-cd96ed7c5014",
	"00000000-0000-0000-0000-000000000000",
	0,
	'Controller3: halt',
	"00000000-0000-0000-0000-000000000000");
INSERT INTO ACT_BLK
	VALUES ("a52b09ff-a9b0-4122-bc76-cd96ed7c5014",
	0,
	0,
	0,
	'',
	'',
	'',
	0,
	0,
	0,
	0,
	0,
	0,
	0,
	0,
	0,
	0,
	0,
	0,
	0,
	"6a5bf56b-5dba-487c-8201-5062534d7fe4",
	"00000000-0000-0000-0000-000000000000");
INSERT INTO SM_TXN
	VALUES ("49b43281-8e89-4c9e-8c8e-05e078525fd1",
	"c0c74364-95af-42df-a665-9e2fd1a7f507",
	"4333ab45-486d-4d01-8816-bc0a96a5f5ac",
	"00000000-0000-0000-0000-000000000000");
INSERT INTO SM_NSTXN
	VALUES ("18a13bca-c6a8-4b2c-bade-ced8ec41445d",
	"c0c74364-95af-42df-a665-9e2fd1a7f507",
	"5f80c5de-187b-482e-8531-864ded5574af",
	"b8dcfa69-53b7-440a-8ceb-a235f197459c",
	"00000000-0000-0000-0000-000000000000");
INSERT INTO SM_TAH
	VALUES ("5d5d74de-9c62-4d47-a8da-bd7d01d34b3a",
	"c0c74364-95af-42df-a665-9e2fd1a7f507",
	"18a13bca-c6a8-4b2c-bade-ced8ec41445d");
INSERT INTO SM_AH
	VALUES ("5d5d74de-9c62-4d47-a8da-bd7d01d34b3a",
	"c0c74364-95af-42df-a665-9e2fd1a7f507");
INSERT INTO SM_ACT
	VALUES ("5d5d74de-9c62-4d47-a8da-bd7d01d34b3a",
	"c0c74364-95af-42df-a665-9e2fd1a7f507",
	1,
	'',
	'',
	0);
INSERT INTO ACT_TAB
	VALUES ("213cd8e3-ae43-4758-a71d-fb1c762594e3",
	"c0c74364-95af-42df-a665-9e2fd1a7f507",
	"5d5d74de-9c62-4d47-a8da-bd7d01d34b3a");
INSERT INTO ACT_ACT
	VALUES ("213cd8e3-ae43-4758-a71d-fb1c762594e3",
	'transition',
	0,
	"fd0b2993-c97c-4a9d-9a44-6d5961b7df08",
	"00000000-0000-0000-0000-000000000000",
	0,
	'Controller2: ready',
	"00000000-0000-0000-0000-000000000000");
INSERT INTO ACT_BLK
	VALUES ("fd0b2993-c97c-4a9d-9a44-6d5961b7df08",
	0,
	0,
	0,
	'',
	'',
	'',
	0,
	0,
	0,
	0,
	0,
	0,
	0,
	0,
	0,
	0,
	0,
	0,
	0,
	"213cd8e3-ae43-4758-a71d-fb1c762594e3",
	"00000000-0000-0000-0000-000000000000");
INSERT INTO SM_TXN
	VALUES ("18a13bca-c6a8-4b2c-bade-ced8ec41445d",
	"c0c74364-95af-42df-a665-9e2fd1a7f507",
	"9d674dc6-e2b4-4027-93fb-4e84e9b53820",
	"00000000-0000-0000-0000-000000000000");
INSERT INTO SM_NSTXN
	VALUES ("1b9a77c3-9016-460c-9eed-1cba2fb360d5",
	"c0c74364-95af-42df-a665-9e2fd1a7f507",
	"9d674dc6-e2b4-4027-93fb-4e84e9b53820",
	"19049758-7bec-42d7-86f4-c2e578e190fe",
	"00000000-0000-0000-0000-000000000000");
INSERT INTO SM_TAH
	VALUES ("2c293218-ee76-4395-b693-7eb651f92bf0",
	"c0c74364-95af-42df-a665-9e2fd1a7f507",
	"1b9a77c3-9016-460c-9eed-1cba2fb360d5");
INSERT INTO SM_AH
	VALUES ("2c293218-ee76-4395-b693-7eb651f92bf0",
	"c0c74364-95af-42df-a665-9e2fd1a7f507");
INSERT INTO SM_ACT
	VALUES ("2c293218-ee76-4395-b693-7eb651f92bf0",
	"c0c74364-95af-42df-a665-9e2fd1a7f507",
	1,
	'',
	'',
	0);
INSERT INTO ACT_TAB
	VALUES ("5b2476f5-b7a6-45f1-84c2-bc389df2c65d",
	"c0c74364-95af-42df-a665-9e2fd1a7f507",
	"2c293218-ee76-4395-b693-7eb651f92bf0");
INSERT INTO ACT_ACT
	VALUES ("5b2476f5-b7a6-45f1-84c2-bc389df2c65d",
	'transition',
	0,
	"6d9e919b-f337-48eb-8cca-4863303a3b1a",
	"00000000-0000-0000-0000-000000000000",
	0,
	'Controller3: halt',
	"00000000-0000-0000-0000-000000000000");
INSERT INTO ACT_BLK
	VALUES ("6d9e919b-f337-48eb-8cca-4863303a3b1a",
	0,
	0,
	0,
	'',
	'',
	'',
	0,
	0,
	0,
	0,
	0,
	0,
	0,
	0,
	0,
	0,
	0,
	0,
	0,
	"5b2476f5-b7a6-45f1-84c2-bc389df2c65d",
	"00000000-0000-0000-0000-000000000000");
INSERT INTO SM_TXN
	VALUES ("1b9a77c3-9016-460c-9eed-1cba2fb360d5",
	"c0c74364-95af-42df-a665-9e2fd1a7f507",
	"4333ab45-486d-4d01-8816-bc0a96a5f5ac",
	"00000000-0000-0000-0000-000000000000");
INSERT INTO SM_NSTXN
	VALUES ("a6580cef-a377-46cc-b4af-1ded8700cce5",
	"c0c74364-95af-42df-a665-9e2fd1a7f507",
	"5f80c5de-187b-482e-8531-864ded5574af",
	"19049758-7bec-42d7-86f4-c2e578e190fe",
	"00000000-0000-0000-0000-000000000000");
INSERT INTO SM_TAH
	VALUES ("7b7774d1-6f36-4fe3-ae16-667f7e83f172",
	"c0c74364-95af-42df-a665-9e2fd1a7f507",
	"a6580cef-a377-46cc-b4af-1ded8700cce5");
INSERT INTO SM_AH
	VALUES ("7b7774d1-6f36-4fe3-ae16-667f7e83f172",
	"c0c74364-95af-42df-a665-9e2fd1a7f507");
INSERT INTO SM_ACT
	VALUES ("7b7774d1-6f36-4fe3-ae16-667f7e83f172",
	"c0c74364-95af-42df-a665-9e2fd1a7f507",
	1,
	'',
	'',
	0);
INSERT INTO ACT_TAB
	VALUES ("b2b879df-cc94-4df8-b8f6-3aec17d762f6",
	"c0c74364-95af-42df-a665-9e2fd1a7f507",
	"7b7774d1-6f36-4fe3-ae16-667f7e83f172");
INSERT INTO ACT_ACT
	VALUES ("b2b879df-cc94-4df8-b8f6-3aec17d762f6",
	'transition',
	0,
	"efff8479-8938-4d48-9dd0-b1d91804a048",
	"00000000-0000-0000-0000-000000000000",
	0,
	'Controller3: halt',
	"00000000-0000-0000-0000-000000000000");
INSERT INTO ACT_BLK
	VALUES ("efff8479-8938-4d48-9dd0-b1d91804a048",
	0,
	0,
	0,
	'',
	'',
	'',
	0,
	0,
	0,
	0,
	0,
	0,
	0,
	0,
	0,
	0,
	0,
	0,
	0,
	"b2b879df-cc94-4df8-b8f6-3aec17d762f6",
	"00000000-0000-0000-0000-000000000000");
INSERT INTO SM_TXN
	VALUES ("a6580cef-a377-46cc-b4af-1ded8700cce5",
	"c0c74364-95af-42df-a665-9e2fd1a7f507",
	"4333ab45-486d-4d01-8816-bc0a96a5f5ac",
	"00000000-0000-0000-0000-000000000000");
INSERT INTO PE_PE
	VALUES ("c266a8d5-aa61-43f4-9d01-7e2baedb603e",
	1,
	"00000000-0000-0000-0000-000000000000",
	"0d80503a-3f90-42a8-a2a9-2f52ccd4308f",
	7);
INSERT INTO EP_PKG
	VALUES ("c266a8d5-aa61-43f4-9d01-7e2baedb603e",
	"00000000-0000-0000-0000-000000000000",
	"d923df31-2d4f-4454-ba3a-3347665a758b",
	'Functions',
	'',
	0);
INSERT INTO PE_PE
	VALUES ("6da296e0-cfc3-41ea-b021-54b367d07943",
	1,
	"c266a8d5-aa61-43f4-9d01-7e2baedb603e",
	"00000000-0000-0000-0000-000000000000",
	1);
INSERT INTO S_SYNC
	VALUES ("6da296e0-cfc3-41ea-b021-54b367d07943",
	"00000000-0000-0000-0000-000000000000",
	'setup',
	'',
	'',
	"ba5eda7a-def5-0000-0000-000000000000",
	1,
	'',
	0);
INSERT INTO ACT_FNB
	VALUES ("66894301-0ff4-4d21-9c84-a466aa2ec4d9",
	"6da296e0-cfc3-41ea-b021-54b367d07943");
INSERT INTO ACT_ACT
	VALUES ("66894301-0ff4-4d21-9c84-a466aa2ec4d9",
	'function',
	0,
	"a3a1574f-bed2-4299-abd2-bf999f9f4246",
	"00000000-0000-0000-0000-000000000000",
	0,
	'setup',
	"00000000-0000-0000-0000-000000000000");
INSERT INTO ACT_BLK
	VALUES ("a3a1574f-bed2-4299-abd2-bf999f9f4246",
	0,
	0,
	0,
	'',
	'',
	'',
	0,
	0,
	0,
	0,
	0,
	0,
	0,
	0,
	0,
	0,
	0,
	0,
	0,
	"66894301-0ff4-4d21-9c84-a466aa2ec4d9",
	"00000000-0000-0000-0000-000000000000");
INSERT INTO PE_PE
	VALUES ("e3b91143-4d21-4068-b6d0-df931bdfac7c",
	1,
	"c266a8d5-aa61-43f4-9d01-7e2baedb603e",
	"00000000-0000-0000-0000-000000000000",
	1);
INSERT INTO S_SYNC
	VALUES ("e3b91143-4d21-4068-b6d0-df931bdfac7c",
	"00000000-0000-0000-0000-000000000000",
	'halt',
	'',
	'create object instance ctrl of Controller;
generate Controller3:''halt'' to ctrl;',
	"ba5eda7a-def5-0000-0000-000000000000",
	1,
	'',
	0);
INSERT INTO ACT_FNB
	VALUES ("07194e84-cd5b-4719-a45c-f38b408f7808",
	"e3b91143-4d21-4068-b6d0-df931bdfac7c");
INSERT INTO ACT_ACT
	VALUES ("07194e84-cd5b-4719-a45c-f38b408f7808",
	'function',
	0,
	"7b556066-4d94-4582-afce-48c81471f71b",
	"00000000-0000-0000-0000-000000000000",
	0,
	'halt',
	"00000000-0000-0000-0000-000000000000");
INSERT INTO ACT_BLK
	VALUES ("7b556066-4d94-4582-afce-48c81471f71b",
	0,
	0,
	0,
	'V_VAR.Var_ID',
	'',
	'',
	2,
	1,
	1,
	32,
	0,
	0,
	0,
	0,
	0,
	0,
	0,
	0,
	0,
	"07194e84-cd5b-4719-a45c-f38b408f7808",
	"00000000-0000-0000-0000-000000000000");
INSERT INTO ACT_SMT
	VALUES ("f4306fb3-a4de-4860-be8f-6165a380ce19",
	"7b556066-4d94-4582-afce-48c81471f71b",
	"c2a7f404-b47f-4c65-8e09-37ae7ff010b0",
	1,
	1,
	'halt line: 1');
INSERT INTO ACT_CR
	VALUES ("f4306fb3-a4de-4860-be8f-6165a380ce19",
	"79a39dc0-0afa-4749-a9e5-b6a7ab100155",
	1,
	"44c11680-c695-4cd0-8c5c-49bc06b14528",
	1,
	32);
INSERT INTO ACT_SMT
	VALUES ("c2a7f404-b47f-4c65-8e09-37ae7ff010b0",
	"7b556066-4d94-4582-afce-48c81471f71b",
	"00000000-0000-0000-0000-000000000000",
	2,
	1,
	'halt line: 2');
INSERT INTO E_ESS
	VALUES ("c2a7f404-b47f-4c65-8e09-37ae7ff010b0",
	1,
	0,
	2,
	10,
	2,
	22,
	1,
	32,
	0,
	0,
	0,
	0);
INSERT INTO E_GES
	VALUES ("c2a7f404-b47f-4c65-8e09-37ae7ff010b0");
INSERT INTO E_GSME
	VALUES ("c2a7f404-b47f-4c65-8e09-37ae7ff010b0",
	"19049758-7bec-42d7-86f4-c2e578e190fe");
INSERT INTO E_GEN
	VALUES ("c2a7f404-b47f-4c65-8e09-37ae7ff010b0",
	"79a39dc0-0afa-4749-a9e5-b6a7ab100155");
INSERT INTO V_VAR
	VALUES ("79a39dc0-0afa-4749-a9e5-b6a7ab100155",
	"7b556066-4d94-4582-afce-48c81471f71b",
	'ctrl',
	1,
	"ba5eda7a-def5-0000-0000-000000000008");
INSERT INTO V_INT
	VALUES ("79a39dc0-0afa-4749-a9e5-b6a7ab100155",
	0,
	"44c11680-c695-4cd0-8c5c-49bc06b14528");
INSERT INTO PE_PE
	VALUES ("b54387eb-3bf1-4801-a092-dda39d0b6022",
	1,
	"c266a8d5-aa61-43f4-9d01-7e2baedb603e",
	"00000000-0000-0000-0000-000000000000",
	1);
INSERT INTO S_SYNC
	VALUES ("b54387eb-3bf1-4801-a092-dda39d0b6022",
	"00000000-0000-0000-0000-000000000000",
	'Ddown',
	'',
	'select any ctrl from instances of Controller;
generate Controller4:''Ddown'' to ctrl;
',
	"ba5eda7a-def5-0000-0000-000000000000",
	1,
	'',
	0);
INSERT INTO ACT_FNB
	VALUES ("995b30fc-4e42-4c23-90ab-1fd13073b27d",
	"b54387eb-3bf1-4801-a092-dda39d0b6022");
INSERT INTO ACT_ACT
	VALUES ("995b30fc-4e42-4c23-90ab-1fd13073b27d",
	'function',
	0,
	"3b207986-e483-4288-92c3-d1e4d59b7cc0",
	"00000000-0000-0000-0000-000000000000",
	0,
	'Ddown',
	"00000000-0000-0000-0000-000000000000");
INSERT INTO ACT_BLK
	VALUES ("3b207986-e483-4288-92c3-d1e4d59b7cc0",
	1,
	0,
	0,
	'V_VAR.Var_ID',
	'',
	'',
	2,
	1,
	1,
	35,
	0,
	0,
	0,
	0,
	0,
	0,
	0,
	0,
	0,
	"995b30fc-4e42-4c23-90ab-1fd13073b27d",
	"00000000-0000-0000-0000-000000000000");
INSERT INTO ACT_SMT
	VALUES ("56598764-4fb0-436b-8185-a27e209ff7b5",
	"3b207986-e483-4288-92c3-d1e4d59b7cc0",
	"2feaf407-74bd-4ae4-ba67-b75b6d7bb73e",
	1,
	1,
	'Ddown line: 1');
INSERT INTO ACT_FIO
	VALUES ("56598764-4fb0-436b-8185-a27e209ff7b5",
	"ca7f6a87-34e4-4a5e-a834-8c4e414653aa",
	1,
	'any',
	"44c11680-c695-4cd0-8c5c-49bc06b14528",
	1,
	35);
INSERT INTO ACT_SMT
	VALUES ("2feaf407-74bd-4ae4-ba67-b75b6d7bb73e",
	"3b207986-e483-4288-92c3-d1e4d59b7cc0",
	"00000000-0000-0000-0000-000000000000",
	2,
	1,
	'Ddown line: 2');
INSERT INTO E_ESS
	VALUES ("2feaf407-74bd-4ae4-ba67-b75b6d7bb73e",
	1,
	0,
	2,
	10,
	2,
	22,
	1,
	35,
	0,
	0,
	0,
	0);
INSERT INTO E_GES
	VALUES ("2feaf407-74bd-4ae4-ba67-b75b6d7bb73e");
INSERT INTO E_GSME
	VALUES ("2feaf407-74bd-4ae4-ba67-b75b6d7bb73e",
	"745fd2c0-612e-424d-adf8-4c51f45202c2");
INSERT INTO E_GEN
	VALUES ("2feaf407-74bd-4ae4-ba67-b75b6d7bb73e",
	"ca7f6a87-34e4-4a5e-a834-8c4e414653aa");
INSERT INTO V_VAR
	VALUES ("ca7f6a87-34e4-4a5e-a834-8c4e414653aa",
	"3b207986-e483-4288-92c3-d1e4d59b7cc0",
	'ctrl',
	1,
	"ba5eda7a-def5-0000-0000-000000000008");
INSERT INTO V_INT
	VALUES ("ca7f6a87-34e4-4a5e-a834-8c4e414653aa",
	0,
	"44c11680-c695-4cd0-8c5c-49bc06b14528");
INSERT INTO PE_PE
	VALUES ("15732163-deec-4a8f-b238-de5fc4466e0b",
	1,
	"c266a8d5-aa61-43f4-9d01-7e2baedb603e",
	"00000000-0000-0000-0000-000000000000",
	1);
INSERT INTO S_SYNC
	VALUES ("15732163-deec-4a8f-b238-de5fc4466e0b",
	"00000000-0000-0000-0000-000000000000",
	'Dup',
	'',
	'select any ctrl from instances of Controller;
generate Controller5:''Dup'' to ctrl;',
	"ba5eda7a-def5-0000-0000-000000000000",
	1,
	'',
	0);
INSERT INTO ACT_FNB
	VALUES ("d15b75e6-2b71-42d5-89e2-7e82c04b29c6",
	"15732163-deec-4a8f-b238-de5fc4466e0b");
INSERT INTO ACT_ACT
	VALUES ("d15b75e6-2b71-42d5-89e2-7e82c04b29c6",
	'function',
	0,
	"ff1d8a2d-21b7-4af3-ac89-dea59fa18e56",
	"00000000-0000-0000-0000-000000000000",
	0,
	'Dup',
	"00000000-0000-0000-0000-000000000000");
INSERT INTO ACT_BLK
	VALUES ("ff1d8a2d-21b7-4af3-ac89-dea59fa18e56",
	1,
	0,
	0,
	'V_VAR.Var_ID',
	'',
	'',
	2,
	1,
	1,
	35,
	0,
	0,
	0,
	0,
	0,
	0,
	0,
	0,
	0,
	"d15b75e6-2b71-42d5-89e2-7e82c04b29c6",
	"00000000-0000-0000-0000-000000000000");
INSERT INTO ACT_SMT
	VALUES ("1592f697-4d93-4d6b-b433-0610d2330759",
	"ff1d8a2d-21b7-4af3-ac89-dea59fa18e56",
	"e310103a-beb4-4544-bf8b-470d3593425e",
	1,
	1,
	'Dup line: 1');
INSERT INTO ACT_FIO
	VALUES ("1592f697-4d93-4d6b-b433-0610d2330759",
	"ed416b03-4b76-439f-bf72-3a5fd5496401",
	1,
	'any',
	"44c11680-c695-4cd0-8c5c-49bc06b14528",
	1,
	35);
INSERT INTO ACT_SMT
	VALUES ("e310103a-beb4-4544-bf8b-470d3593425e",
	"ff1d8a2d-21b7-4af3-ac89-dea59fa18e56",
	"00000000-0000-0000-0000-000000000000",
	2,
	1,
	'Dup line: 2');
INSERT INTO E_ESS
	VALUES ("e310103a-beb4-4544-bf8b-470d3593425e",
	1,
	0,
	2,
	10,
	2,
	22,
	1,
	35,
	0,
	0,
	0,
	0);
INSERT INTO E_GES
	VALUES ("e310103a-beb4-4544-bf8b-470d3593425e");
INSERT INTO E_GSME
	VALUES ("e310103a-beb4-4544-bf8b-470d3593425e",
	"be11292f-bb73-481b-9a0b-99b48b765d7b");
INSERT INTO E_GEN
	VALUES ("e310103a-beb4-4544-bf8b-470d3593425e",
	"ed416b03-4b76-439f-bf72-3a5fd5496401");
INSERT INTO V_VAR
	VALUES ("ed416b03-4b76-439f-bf72-3a5fd5496401",
	"ff1d8a2d-21b7-4af3-ac89-dea59fa18e56",
	'ctrl',
	1,
	"ba5eda7a-def5-0000-0000-000000000008");
INSERT INTO V_INT
	VALUES ("ed416b03-4b76-439f-bf72-3a5fd5496401",
	0,
	"44c11680-c695-4cd0-8c5c-49bc06b14528");
INSERT INTO PE_PE
	VALUES ("9c87cd91-ad2a-41a8-843e-37432906ea76",
	1,
	"c266a8d5-aa61-43f4-9d01-7e2baedb603e",
	"00000000-0000-0000-0000-000000000000",
	1);
INSERT INTO S_SYNC
	VALUES ("9c87cd91-ad2a-41a8-843e-37432906ea76",
	"00000000-0000-0000-0000-000000000000",
	'startSetup',
	'',
	'create object instance ctrl of Controller;
generate Controller1:''start'' to ctrl;',
	"ba5eda7a-def5-0000-0000-000000000000",
	1,
	'',
	0);
INSERT INTO ACT_FNB
	VALUES ("fda5d353-4107-44ea-a6c2-d0a401e6da7e",
	"9c87cd91-ad2a-41a8-843e-37432906ea76");
INSERT INTO ACT_ACT
	VALUES ("fda5d353-4107-44ea-a6c2-d0a401e6da7e",
	'function',
	0,
	"1b09c4ec-9e5f-4645-ac4c-50dbef6411d7",
	"00000000-0000-0000-0000-000000000000",
	0,
	'startSetup',
	"00000000-0000-0000-0000-000000000000");
INSERT INTO ACT_BLK
	VALUES ("1b09c4ec-9e5f-4645-ac4c-50dbef6411d7",
	0,
	0,
	0,
	'V_VAR.Var_ID',
	'',
	'',
	2,
	1,
	1,
	32,
	0,
	0,
	0,
	0,
	0,
	0,
	0,
	0,
	0,
	"fda5d353-4107-44ea-a6c2-d0a401e6da7e",
	"00000000-0000-0000-0000-000000000000");
INSERT INTO ACT_SMT
	VALUES ("b7d61bcf-4a42-4a6e-b3c1-3b5c81bd20b4",
	"1b09c4ec-9e5f-4645-ac4c-50dbef6411d7",
	"5b50e8c0-9ddb-4bfa-81b7-00ae3232db11",
	1,
	1,
	'startSetup line: 1');
INSERT INTO ACT_CR
	VALUES ("b7d61bcf-4a42-4a6e-b3c1-3b5c81bd20b4",
	"f5e037de-df7f-461a-bc63-ef398fa63f62",
	1,
	"44c11680-c695-4cd0-8c5c-49bc06b14528",
	1,
	32);
INSERT INTO ACT_SMT
	VALUES ("5b50e8c0-9ddb-4bfa-81b7-00ae3232db11",
	"1b09c4ec-9e5f-4645-ac4c-50dbef6411d7",
	"00000000-0000-0000-0000-000000000000",
	2,
	1,
	'startSetup line: 2');
INSERT INTO E_ESS
	VALUES ("5b50e8c0-9ddb-4bfa-81b7-00ae3232db11",
	1,
	0,
	2,
	10,
	2,
	22,
	1,
	32,
	0,
	0,
	0,
	0);
INSERT INTO E_GES
	VALUES ("5b50e8c0-9ddb-4bfa-81b7-00ae3232db11");
INSERT INTO E_GSME
	VALUES ("5b50e8c0-9ddb-4bfa-81b7-00ae3232db11",
	"26caf769-2f00-4ee1-8664-83ff862aa1c5");
INSERT INTO E_GEN
	VALUES ("5b50e8c0-9ddb-4bfa-81b7-00ae3232db11",
	"f5e037de-df7f-461a-bc63-ef398fa63f62");
INSERT INTO V_VAR
	VALUES ("f5e037de-df7f-461a-bc63-ef398fa63f62",
	"1b09c4ec-9e5f-4645-ac4c-50dbef6411d7",
	'ctrl',
	1,
	"ba5eda7a-def5-0000-0000-000000000008");
INSERT INTO V_INT
	VALUES ("f5e037de-df7f-461a-bc63-ef398fa63f62",
	0,
	"44c11680-c695-4cd0-8c5c-49bc06b14528");
INSERT INTO EP_PKG
	VALUES ("0a660bb5-dd76-44f4-9dea-3657b7b31a56",
	"d923df31-2d4f-4454-ba3a-3347665a758b",
	"d923df31-2d4f-4454-ba3a-3347665a758b",
	'System',
	'',
	0);
INSERT INTO PE_PE
	VALUES ("e2fb02b0-82c3-4b4a-bff8-10cc058eb3c1",
	1,
	"0a660bb5-dd76-44f4-9dea-3657b7b31a56",
	"00000000-0000-0000-0000-000000000000",
	21);
INSERT INTO CL_IC
	VALUES ("e2fb02b0-82c3-4b4a-bff8-10cc058eb3c1",
	"8564596e-96e2-44e8-b970-aaa1a7d3b8bc",
	"00000000-0000-0000-0000-000000000000",
	"00000000-0000-0000-0000-000000000000",
	0,
	'',
	'gnc::Library::MAV',
	'');
INSERT INTO CL_POR
	VALUES ("e2fb02b0-82c3-4b4a-bff8-10cc058eb3c1",
	"9df3483a-ab97-4ee7-8415-9b4b161408e2",
	'Port1',
	"aee86548-4fdd-4e44-b3e9-ed3ff3e556ba");
INSERT INTO CL_IIR
	VALUES ("1c1a54c7-9002-4457-8eec-f2719fd785d0",
	"93221829-0135-489c-961a-9d42c4252036",
	"aee86548-4fdd-4e44-b3e9-ed3ff3e556ba",
	"00000000-0000-0000-0000-000000000000",
	'mavcontrol',
	'');
INSERT INTO CL_IP
	VALUES ("1c1a54c7-9002-4457-8eec-f2719fd785d0",
	'mavcontrol',
	'');
INSERT INTO CL_IPINS
	VALUES ("289ca3e9-52ea-4ef6-95f3-c1b9a693f732",
	"1c1a54c7-9002-4457-8eec-f2719fd785d0");
INSERT INTO PE_PE
	VALUES ("cffb1f34-17cc-4d13-a039-a12d622c8c8f",
	1,
	"0a660bb5-dd76-44f4-9dea-3657b7b31a56",
	"00000000-0000-0000-0000-000000000000",
	21);
INSERT INTO CL_IC
	VALUES ("cffb1f34-17cc-4d13-a039-a12d622c8c8f",
	"0d80503a-3f90-42a8-a2a9-2f52ccd4308f",
	"00000000-0000-0000-0000-000000000000",
	"00000000-0000-0000-0000-000000000000",
	0,
	'',
	'gnc::Library::Control',
	'');
INSERT INTO CL_POR
	VALUES ("cffb1f34-17cc-4d13-a039-a12d622c8c8f",
	"bada52a0-1256-430d-8579-634b9c323fea",
	'Port1',
	"ffde1b3d-54d8-47c5-b766-3430cfb4a967");
INSERT INTO CL_IIR
	VALUES ("94bdc6ef-8903-4e4c-9eeb-1fbfe06732ca",
	"33610dbc-6887-421d-81c6-740629675b3d",
	"ffde1b3d-54d8-47c5-b766-3430cfb4a967",
	"00000000-0000-0000-0000-000000000000",
	'mavcontrol',
	'');
INSERT INTO CL_IR
	VALUES ("94bdc6ef-8903-4e4c-9eeb-1fbfe06732ca",
	"289ca3e9-52ea-4ef6-95f3-c1b9a693f732",
	'mavcontrol',
	'');
INSERT INTO PE_PE
	VALUES ("289ca3e9-52ea-4ef6-95f3-c1b9a693f732",
	1,
	"0a660bb5-dd76-44f4-9dea-3657b7b31a56",
	"00000000-0000-0000-0000-000000000000",
	22);
INSERT INTO C_SF
	VALUES ("289ca3e9-52ea-4ef6-95f3-c1b9a693f732",
	"33610dbc-6887-421d-81c6-740629675b3d",
	"93221829-0135-489c-961a-9d42c4252036",
	'',
	'MAV::Port1::mavcontrol -o)- Control::Port1::mavcontrol');
INSERT INTO PE_PE
	VALUES ("ba5eda7a-def5-0000-0000-000000000000",
	1,
	"00000000-0000-0000-0000-000000000000",
	"00000000-0000-0000-0000-000000000000",
	3);
INSERT INTO S_DT
	VALUES ("ba5eda7a-def5-0000-0000-000000000000",
	"00000000-0000-0000-0000-000000000000",
	'void',
	'',
	'');
INSERT INTO S_CDT
	VALUES ("ba5eda7a-def5-0000-0000-000000000000",
	0);
INSERT INTO PE_PE
	VALUES ("ba5eda7a-def5-0000-0000-000000000001",
	1,
	"00000000-0000-0000-0000-000000000000",
	"00000000-0000-0000-0000-000000000000",
	3);
INSERT INTO S_DT
	VALUES ("ba5eda7a-def5-0000-0000-000000000001",
	"00000000-0000-0000-0000-000000000000",
	'boolean',
	'',
	'');
INSERT INTO S_CDT
	VALUES ("ba5eda7a-def5-0000-0000-000000000001",
	1);
INSERT INTO PE_PE
	VALUES ("ba5eda7a-def5-0000-0000-000000000002",
	1,
	"00000000-0000-0000-0000-000000000000",
	"00000000-0000-0000-0000-000000000000",
	3);
INSERT INTO S_DT
	VALUES ("ba5eda7a-def5-0000-0000-000000000002",
	"00000000-0000-0000-0000-000000000000",
	'integer',
	'',
	'');
INSERT INTO S_CDT
	VALUES ("ba5eda7a-def5-0000-0000-000000000002",
	2);
INSERT INTO PE_PE
	VALUES ("ba5eda7a-def5-0000-0000-000000000003",
	1,
	"00000000-0000-0000-0000-000000000000",
	"00000000-0000-0000-0000-000000000000",
	3);
INSERT INTO S_DT
	VALUES ("ba5eda7a-def5-0000-0000-000000000003",
	"00000000-0000-0000-0000-000000000000",
	'real',
	'',
	'');
INSERT INTO S_CDT
	VALUES ("ba5eda7a-def5-0000-0000-000000000003",
	3);
INSERT INTO PE_PE
	VALUES ("ba5eda7a-def5-0000-0000-000000000004",
	1,
	"00000000-0000-0000-0000-000000000000",
	"00000000-0000-0000-0000-000000000000",
	3);
INSERT INTO S_DT
	VALUES ("ba5eda7a-def5-0000-0000-000000000004",
	"00000000-0000-0000-0000-000000000000",
	'string',
	'',
	'');
INSERT INTO S_CDT
	VALUES ("ba5eda7a-def5-0000-0000-000000000004",
	4);
INSERT INTO PE_PE
	VALUES ("ba5eda7a-def5-0000-0000-000000000005",
	1,
	"00000000-0000-0000-0000-000000000000",
	"00000000-0000-0000-0000-000000000000",
	3);
INSERT INTO S_DT
	VALUES ("ba5eda7a-def5-0000-0000-000000000005",
	"00000000-0000-0000-0000-000000000000",
	'unique_id',
	'',
	'');
INSERT INTO S_CDT
	VALUES ("ba5eda7a-def5-0000-0000-000000000005",
	5);
INSERT INTO PE_PE
	VALUES ("ba5eda7a-def5-0000-0000-000000000006",
	1,
	"00000000-0000-0000-0000-000000000000",
	"00000000-0000-0000-0000-000000000000",
	3);
INSERT INTO S_DT
	VALUES ("ba5eda7a-def5-0000-0000-000000000006",
	"00000000-0000-0000-0000-000000000000",
	'state<State_Model>',
	'',
	'');
INSERT INTO S_CDT
	VALUES ("ba5eda7a-def5-0000-0000-000000000006",
	6);
INSERT INTO PE_PE
	VALUES ("ba5eda7a-def5-0000-0000-000000000007",
	1,
	"00000000-0000-0000-0000-000000000000",
	"00000000-0000-0000-0000-000000000000",
	3);
INSERT INTO S_DT
	VALUES ("ba5eda7a-def5-0000-0000-000000000007",
	"00000000-0000-0000-0000-000000000000",
	'same_as<Base_Attribute>',
	'',
	'');
INSERT INTO S_CDT
	VALUES ("ba5eda7a-def5-0000-0000-000000000007",
	7);
INSERT INTO PE_PE
	VALUES ("ba5eda7a-def5-0000-0000-000000000008",
	1,
	"00000000-0000-0000-0000-000000000000",
	"00000000-0000-0000-0000-000000000000",
	3);
INSERT INTO S_DT
	VALUES ("ba5eda7a-def5-0000-0000-000000000008",
	"00000000-0000-0000-0000-000000000000",
	'inst_ref<Object>',
	'',
	'');
INSERT INTO S_CDT
	VALUES ("ba5eda7a-def5-0000-0000-000000000008",
	8);
INSERT INTO PE_PE
	VALUES ("ba5eda7a-def5-0000-0000-000000000009",
	1,
	"00000000-0000-0000-0000-000000000000",
	"00000000-0000-0000-0000-000000000000",
	3);
INSERT INTO S_DT
	VALUES ("ba5eda7a-def5-0000-0000-000000000009",
	"00000000-0000-0000-0000-000000000000",
	'inst_ref_set<Object>',
	'',
	'');
INSERT INTO S_CDT
	VALUES ("ba5eda7a-def5-0000-0000-000000000009",
	9);
INSERT INTO PE_PE
	VALUES ("ba5eda7a-def5-0000-0000-00000000000a",
	1,
	"00000000-0000-0000-0000-000000000000",
	"00000000-0000-0000-0000-000000000000",
	3);
INSERT INTO S_DT
	VALUES ("ba5eda7a-def5-0000-0000-00000000000a",
	"00000000-0000-0000-0000-000000000000",
	'inst<Event>',
	'',
	'');
INSERT INTO S_CDT
	VALUES ("ba5eda7a-def5-0000-0000-00000000000a",
	10);
INSERT INTO PE_PE
	VALUES ("ba5eda7a-def5-0000-0000-00000000000b",
	1,
	"00000000-0000-0000-0000-000000000000",
	"00000000-0000-0000-0000-000000000000",
	3);
INSERT INTO S_DT
	VALUES ("ba5eda7a-def5-0000-0000-00000000000b",
	"00000000-0000-0000-0000-000000000000",
	'inst<Mapping>',
	'',
	'');
INSERT INTO S_CDT
	VALUES ("ba5eda7a-def5-0000-0000-00000000000b",
	11);
INSERT INTO PE_PE
	VALUES ("ba5eda7a-def5-0000-0000-00000000000c",
	1,
	"00000000-0000-0000-0000-000000000000",
	"00000000-0000-0000-0000-000000000000",
	3);
INSERT INTO S_DT
	VALUES ("ba5eda7a-def5-0000-0000-00000000000c",
	"00000000-0000-0000-0000-000000000000",
	'inst_ref<Mapping>',
	'',
	'');
INSERT INTO S_CDT
	VALUES ("ba5eda7a-def5-0000-0000-00000000000c",
	12);
INSERT INTO PE_PE
	VALUES ("ba5eda7a-def5-0000-0000-00000000000d",
	1,
	"00000000-0000-0000-0000-000000000000",
	"00000000-0000-0000-0000-000000000000",
	3);
INSERT INTO S_DT
	VALUES ("ba5eda7a-def5-0000-0000-00000000000d",
	"00000000-0000-0000-0000-000000000000",
	'component_ref',
	'',
	'');
INSERT INTO S_CDT
	VALUES ("ba5eda7a-def5-0000-0000-00000000000d",
	13);
INSERT INTO PE_PE
	VALUES ("ba5eda7a-def5-0000-0000-00000000000e",
	1,
	"00000000-0000-0000-0000-000000000000",
	"00000000-0000-0000-0000-000000000000",
	3);
INSERT INTO S_DT
	VALUES ("ba5eda7a-def5-0000-0000-00000000000e",
	"00000000-0000-0000-0000-000000000000",
	'date',
	'',
	'');
INSERT INTO S_UDT
	VALUES ("ba5eda7a-def5-0000-0000-00000000000e",
	"ba5eda7a-def5-0000-0000-00000000000b",
	1,
	'');
INSERT INTO PE_PE
	VALUES ("ba5eda7a-def5-0000-0000-00000000000f",
	1,
	"00000000-0000-0000-0000-000000000000",
	"00000000-0000-0000-0000-000000000000",
	3);
INSERT INTO S_DT
	VALUES ("ba5eda7a-def5-0000-0000-00000000000f",
	"00000000-0000-0000-0000-000000000000",
	'inst_ref<Timer>',
	'',
	'');
INSERT INTO S_UDT
	VALUES ("ba5eda7a-def5-0000-0000-00000000000f",
	"ba5eda7a-def5-0000-0000-00000000000c",
	3,
	'');
INSERT INTO PE_PE
	VALUES ("ba5eda7a-def5-0000-0000-000000000010",
	1,
	"00000000-0000-0000-0000-000000000000",
	"00000000-0000-0000-0000-000000000000",
	3);
INSERT INTO S_DT
	VALUES ("ba5eda7a-def5-0000-0000-000000000010",
	"00000000-0000-0000-0000-000000000000",
	'timestamp',
	'',
	'');
INSERT INTO S_UDT
	VALUES ("ba5eda7a-def5-0000-0000-000000000010",
	"ba5eda7a-def5-0000-0000-000000000002",
	2,
	'');
